Rk,Player,Pos,Age,Tm,G,GS,MP,FG,FGA,FG%,3P,3PA,3P%,2P,2PA,2P%,eFG%,FT,FTA,FT%,ORB,DRB,TRB,AST,STL,BLK,TOV,PF,PTS
1,Precious Achiuwa\achiupr01,C-PF,24,TOT,36,0,16.1,2.8,5.8,0.478,0.4,1.4,0.269,2.4,4.3,0.548,0.512,0.8,1.3,0.587,1.9,3.1,5.1,1.3,0.5,0.5,1.1,1.6,6.6
1,Precious Achiuwa\achiupr01,C,24,TOR,25,0,17.5,3.1,6.8,0.459,0.5,1.9,0.277,2.6,4.9,0.528,0.497,1.0,1.7,0.571,2.0,3.4,5.4,1.8,0.6,0.5,1.2,1.6,7.7
1,Precious Achiuwa\achiupr01,PF,24,NYK,11,0,12.9,1.9,3.4,0.568,0.1,0.5,0.2,1.8,2.9,0.625,0.581,0.3,0.4,0.75,1.8,2.4,4.2,0.3,0.3,0.6,0.8,1.5,4.2
2,Bam Adebayo\adebaba01,C,26,MIA,33,33,35.0,7.9,15.7,0.503,0.0,0.3,0.1,7.9,15.4,0.511,0.504,5.7,7.2,0.787,2.3,8.2,10.5,4.3,1.1,0.9,2.6,2.5,21.5
3,Ochai Agbaji\agbajoc01,SG,23,UTA,44,10,20.1,2.2,5.1,0.434,1.0,3.0,0.326,1.3,2.1,0.585,0.529,0.3,0.5,0.75,0.8,1.8,2.5,0.9,0.6,0.6,0.7,1.4,5.8
4,Santi Aldama\aldamsa01,PF,23,MEM,32,6,23.2,3.9,9.0,0.432,1.5,4.6,0.336,2.3,4.4,0.532,0.517,1.0,1.7,0.611,1.2,4.4,5.6,1.7,0.7,0.8,1.1,1.6,10.3
5,Nickeil Alexander-Walker\alexani01,SG,25,MIN,42,12,22.3,2.3,5.6,0.419,1.3,3.7,0.359,1.0,1.9,0.538,0.538,0.4,0.5,0.696,0.4,1.4,1.8,2.4,0.9,0.6,1.0,1.8,6.4
6,Grayson Allen\allengr01,SG,28,PHO,37,37,33.3,4.6,9.2,0.507,2.8,5.7,0.486,1.9,3.4,0.543,0.659,1.7,1.9,0.9,0.8,3.4,4.2,2.9,0.9,0.6,1.4,2.1,13.8
7,Jarrett Allen\allenja01,C,25,CLE,35,35,30.3,6.1,9.1,0.667,0.0,0.0,0.0,6.1,9.1,0.669,0.667,2.7,3.5,0.762,3.4,6.8,10.2,2.9,0.9,1.1,1.8,2.4,14.8
8,Jose Alvarado\alvarjo01,PG,25,NOP,26,0,16.5,2.4,6.0,0.406,1.3,3.3,0.379,1.2,2.6,0.441,0.513,0.8,1.2,0.645,0.5,1.7,2.2,1.8,1.0,0.4,0.8,1.5,6.9
9,Kyle Anderson\anderky01,PF,30,MIN,42,2,22.6,2.5,5.4,0.469,0.1,0.7,0.172,2.4,4.7,0.513,0.48,1.3,1.9,0.691,0.7,2.8,3.5,3.9,0.8,0.6,1.4,1.6,6.5
10,Giannis Antetokounmpo\antetgi01,PF,29,MIL,40,40,35.2,11.6,19.0,0.609,0.4,1.7,0.232,11.2,17.3,0.646,0.619,7.7,11.5,0.669,2.7,8.7,11.4,6.0,1.3,1.1,3.7,2.9,31.2
11,Thanasis Antetokounmpo\antetth01,PF,31,MIL,17,0,4.4,0.4,0.8,0.5,0.0,0.0,,0.4,0.8,0.5,0.5,0.0,0.0,,0.2,0.2,0.5,0.5,0.1,0.2,0.5,0.8,0.8
12,Cole Anthony\anthoco01,PG,23,ORL,42,0,24.5,4.5,10.4,0.431,1.2,3.6,0.327,3.3,6.7,0.488,0.489,3.0,3.6,0.836,1.0,3.2,4.2,3.3,0.8,0.5,1.9,2.6,13.2
13,OG Anunoby\anunoog01,SF,26,TOT,38,38,34.3,5.7,11.5,0.495,2.1,5.6,0.382,3.6,5.9,0.602,0.588,1.5,1.9,0.792,1.0,3.3,4.3,2.3,1.1,0.7,1.5,2.4,15.1
13,OG Anunoby\anunoog01,SF,26,TOR,27,27,33.3,5.8,11.9,0.489,2.3,6.0,0.374,3.6,5.9,0.608,0.584,1.2,1.7,0.717,0.9,3.0,3.9,2.7,1.0,0.5,1.6,2.3,15.1
13,OG Anunoby\anunoog01,SF,26,NYK,11,11,36.7,5.5,10.6,0.513,1.8,4.5,0.408,3.6,6.2,0.588,0.598,2.2,2.4,0.923,1.3,3.9,5.2,1.4,1.2,1.2,1.3,2.5,14.9
14,Ryan Arcidiacono\arcidry01,PG,29,NYK,16,0,2.3,0.0,0.3,0.0,0.0,0.3,0.0,0.0,0.0,,0.0,0.0,0.0,,0.0,0.4,0.4,0.3,0.1,0.0,0.0,0.3,0.0
15,Deni Avdija\avdijde01,SF,23,WAS,42,42,27.3,4.6,9.2,0.497,0.9,2.7,0.348,3.6,6.5,0.558,0.548,2.1,2.8,0.756,1.0,5.1,6.2,3.9,0.9,0.4,1.7,2.5,12.2
16,Deandre Ayton\aytonde01,C,25,POR,26,26,31.3,5.8,10.9,0.537,0.0,0.0,,5.8,10.9,0.537,0.537,1.1,1.4,0.778,3.3,7.1,10.4,1.5,1.1,0.7,2.0,2.4,12.8
17,Udoka Azubuike\azubuud01,C,24,PHO,11,0,8.3,1.4,1.7,0.789,0.0,0.0,,1.4,1.7,0.789,0.789,0.3,0.8,0.333,0.8,1.5,2.3,0.3,0.0,0.5,0.4,1.5,3.0
18,Ibou Badji\badjiib01,C,21,POR,12,1,13.6,0.8,1.3,0.6,0.0,0.0,,0.8,1.3,0.6,0.6,0.3,0.5,0.5,1.5,2.2,3.7,0.7,0.2,1.4,0.8,2.7,1.8
19,Marvin Bagley III\baglema01,C-PF,24,TOT,29,12,19.7,4.5,7.8,0.578,0.1,0.3,0.222,4.4,7.4,0.593,0.582,2.0,2.6,0.784,2.2,2.9,5.1,1.1,0.3,0.6,1.2,1.8,11.0
19,Marvin Bagley III\baglema01,C,24,DET,26,10,18.4,4.1,7.0,0.591,0.0,0.2,0.167,4.1,6.7,0.606,0.594,1.9,2.3,0.82,1.8,2.8,4.5,1.0,0.2,0.5,1.1,1.5,10.2
19,Marvin Bagley III\baglema01,PF,24,WAS,3,2,30.7,7.7,14.7,0.523,0.3,1.0,0.333,7.3,13.7,0.537,0.534,2.7,4.3,0.615,6.0,4.0,10.0,1.7,1.0,1.0,1.7,3.7,18.3
20,Amari Bailey\baileam01,PG,19,CHO,2,0,5.5,1.0,3.0,0.333,0.0,1.0,0.0,1.0,2.0,0.5,0.333,0.5,1.0,0.5,1.0,0.0,1.0,0.0,0.0,0.0,0.5,0.0,2.5
21,Patrick Baldwin Jr.\baldwpa01,SF,21,WAS,13,0,7.8,1.0,2.3,0.433,0.6,1.2,0.5,0.4,1.1,0.357,0.567,0.5,0.8,0.7,0.4,1.8,2.2,0.5,0.1,0.2,0.4,1.3,3.2
22,LaMelo Ball\ballla01,PG,22,CHO,19,19,32.7,8.6,19.4,0.446,3.5,9.2,0.379,5.2,10.2,0.505,0.535,4.3,4.9,0.872,1.4,3.9,5.3,7.8,1.8,0.2,3.9,3.6,25.1
23,Mo Bamba\bambamo01,C,25,PHI,24,0,9.0,1.6,3.0,0.549,0.4,0.8,0.556,1.2,2.2,0.547,0.62,0.6,0.9,0.667,1.4,1.7,3.0,0.5,0.4,0.8,0.6,1.2,4.3
24,Paolo Banchero\banchpa01,PF,21,ORL,43,43,34.9,8.1,17.9,0.451,1.4,4.0,0.357,6.7,13.9,0.477,0.49,5.1,7.2,0.701,1.2,5.9,7.1,4.8,1.0,0.6,3.2,2.1,22.6
25,Desmond Bane\banede01,SG,25,MEM,37,37,34.5,8.9,18.8,0.474,3.3,8.6,0.384,5.6,10.2,0.551,0.563,3.3,3.8,0.864,0.9,3.6,4.6,5.3,1.0,0.5,2.7,2.9,24.4
26,Dalano Banton\bantoda01,PG,24,BOS,20,1,7.2,0.9,2.1,0.429,0.1,0.6,0.167,0.8,1.5,0.533,0.452,0.7,0.9,0.778,0.6,1.1,1.7,0.6,0.2,0.2,0.5,1.0,2.6
27,Dominick Barlow\barlodo01,PF,20,SAS,19,1,12.8,1.6,3.6,0.456,0.2,0.4,0.429,1.5,3.2,0.459,0.478,0.7,1.2,0.591,1.2,2.2,3.4,1.1,0.4,0.5,0.2,1.3,4.1
28,Harrison Barnes\barneha02,PF,31,SAC,41,41,29.1,3.6,7.6,0.474,1.7,4.3,0.394,1.9,3.3,0.578,0.585,1.7,2.1,0.805,0.8,2.0,2.8,1.3,0.7,0.1,0.7,1.3,10.6
29,Scottie Barnes\barnesc01,SG,22,TOR,43,43,35.0,7.6,15.8,0.481,2.0,5.5,0.367,5.6,10.3,0.542,0.545,2.9,3.9,0.74,2.3,6.1,8.3,5.7,1.4,1.5,2.6,2.1,20.1
30,RJ Barrett\barrerj01,SG,23,TOT,37,37,30.5,6.7,14.6,0.458,1.6,4.8,0.347,5.1,9.9,0.511,0.514,3.8,4.9,0.772,0.8,4.3,5.1,2.8,0.5,0.4,1.8,2.1,18.8
30,RJ Barrett\barrerj01,SG,23,NYK,26,26,29.5,6.3,14.9,0.423,1.7,5.0,0.331,4.7,9.9,0.469,0.478,4.0,4.8,0.831,0.7,3.5,4.3,2.4,0.5,0.3,1.8,1.7,18.2
30,RJ Barrett\barrerj01,SG,23,TOR,11,11,33.1,7.6,14.0,0.545,1.6,4.2,0.391,6.0,9.8,0.611,0.604,3.3,5.1,0.643,1.0,6.0,7.0,3.6,0.6,0.4,1.6,3.1,20.2
31,Charles Bassey\bassech01,C,23,SAS,19,0,10.8,1.5,2.1,0.725,0.0,0.1,0.0,1.5,2.1,0.744,0.725,0.3,0.3,0.833,1.2,2.8,4.0,1.1,0.4,0.9,0.8,1.6,3.3
32,Emoni Bates\batesem01,SF,20,CLE,10,0,7.6,0.6,2.5,0.24,0.5,2.0,0.25,0.1,0.5,0.2,0.34,0.1,0.2,0.5,0.1,0.9,1.0,0.6,0.1,0.2,0.1,0.5,1.8
33,Keita Bates-Diop\bateske01,SF,28,PHO,31,8,15.9,1.5,4.0,0.387,0.5,1.7,0.264,1.1,2.3,0.479,0.444,0.8,1.1,0.735,0.8,1.9,2.7,0.9,0.6,0.5,0.2,1.0,4.4
34,Nicolas Batum\batumni01,PF,35,TOT,30,23,24.7,2.1,4.0,0.525,1.3,2.9,0.46,0.8,1.1,0.697,0.692,0.3,0.5,0.643,1.2,2.6,3.7,2.3,0.7,0.8,0.6,2.0,5.8
34,Nicolas Batum\batumni01,PF,35,LAC,3,0,18.0,1.0,2.7,0.375,0.7,2.3,0.286,0.3,0.3,1.0,0.5,0.0,0.0,,0.0,2.3,2.3,1.7,1.0,1.3,0.3,1.7,2.7
34,Nicolas Batum\batumni01,PF,35,PHI,27,23,25.5,2.2,4.1,0.536,1.4,3.0,0.475,0.8,1.2,0.688,0.705,0.3,0.5,0.643,1.3,2.6,3.9,2.3,0.6,0.8,0.6,2.0,6.2
35,Bradley Beal\bealbr01,SG,30,PHO,18,18,32.0,7.1,13.7,0.518,1.4,3.8,0.382,5.7,9.9,0.57,0.571,2.3,3.1,0.764,0.8,3.3,4.1,3.9,0.8,0.3,2.2,2.7,18.0
36,Malik Beasley\beaslma01,SG,27,MIL,40,40,29.4,4.2,8.6,0.491,2.9,6.2,0.472,1.3,2.5,0.541,0.66,0.3,0.4,0.75,0.7,3.4,4.0,1.4,0.7,0.1,0.7,2.1,11.7
37,MarJon Beauchamp\beaucma01,SF,23,MIL,34,1,15.7,1.9,4.0,0.474,0.7,1.8,0.403,1.1,2.1,0.534,0.567,0.4,0.6,0.6,0.6,1.9,2.5,0.9,0.3,0.2,0.7,1.4,4.9
38,Jules Bernard\bernaju01,SG,24,WAS,3,0,5.0,0.3,2.7,0.125,0.0,2.0,0.0,0.3,0.7,0.5,0.125,0.0,0.0,,0.3,0.0,0.3,0.3,0.0,0.0,0.3,1.0,0.7
39,Dāvis Bertāns\bertada01,PF,31,OKC,12,0,6.9,0.8,2.0,0.375,0.8,1.8,0.409,0.0,0.2,0.0,0.563,1.2,1.3,0.933,0.2,0.7,0.8,0.7,0.2,0.2,0.1,0.8,3.4
40,Patrick Beverley\beverpa01,PG,35,PHI,39,1,18.5,1.9,4.5,0.423,0.7,2.2,0.314,1.2,2.3,0.528,0.5,0.9,1.2,0.761,0.7,2.4,3.1,2.6,0.5,0.3,0.8,1.7,5.4
41,Saddiq Bey\beysa01,SF,24,ATL,42,30,32.5,4.3,10.5,0.411,1.7,5.6,0.312,2.6,4.9,0.524,0.494,2.2,2.7,0.823,2.5,3.9,6.4,1.3,1.0,0.1,1.0,1.6,12.6
42,Goga Bitadze\bitadgo01,C,24,ORL,38,31,21.0,2.9,4.7,0.612,0.1,0.3,0.2,2.8,4.4,0.637,0.618,1.2,1.8,0.676,2.5,4.0,6.5,1.7,0.7,1.6,0.8,2.4,7.0
43,Onuralp Bitim\bitimon01,SG,24,CHI,1,0,3.0,0.0,0.0,,0.0,0.0,,0.0,0.0,,,0.0,0.0,,0.0,0.0,0.0,0.0,0.0,0.0,0.0,0.0,0.0
44,Bismack Biyombo\biyombi01,C,31,MEM,30,27,23.9,2.2,4.0,0.563,0.0,0.0,,2.2,4.0,0.563,0.563,0.7,1.5,0.478,1.9,4.5,6.4,1.7,0.3,1.1,1.3,2.7,5.2
45,Anthony Black\blackan01,PG,20,ORL,40,28,19.2,1.9,3.9,0.49,0.5,1.4,0.357,1.4,2.5,0.566,0.555,0.8,1.2,0.633,0.5,1.9,2.4,1.7,0.6,0.4,1.0,2.0,5.1
46,Leaky Black\blackle01,SF,24,CHO,11,0,5.4,0.5,0.9,0.6,0.1,0.3,0.333,0.5,0.6,0.714,0.65,0.0,0.2,0.0,0.2,0.5,0.6,0.4,0.3,0.3,0.2,0.3,1.2
47,Bogdan Bogdanović\bogdabo01,SG,31,ATL,40,3,28.1,6.0,14.1,0.425,3.1,8.4,0.365,2.9,5.7,0.513,0.534,1.7,1.9,0.896,0.5,2.7,3.2,2.6,1.4,0.2,1.1,2.4,16.8
48,Bojan Bogdanović\bogdabo02,PF,34,DET,21,20,33.6,7.0,15.2,0.464,3.0,7.3,0.409,4.0,7.9,0.515,0.563,2.7,3.6,0.747,0.6,3.0,3.7,2.7,1.0,0.1,2.3,2.3,19.8
49,Bol Bol\bolbo01,PF,24,PHO,12,0,7.2,1.4,1.9,0.739,0.3,0.4,0.6,1.2,1.5,0.778,0.804,0.3,0.4,0.8,0.8,1.5,2.3,0.5,0.3,0.5,0.5,0.8,3.4
50,Marques Bolden\boldema01,C,25,MIL,2,0,1.5,0.0,0.0,,0.0,0.0,,0.0,0.0,,,0.0,0.0,,0.0,1.0,1.0,0.0,0.0,0.0,0.0,0.5,0.0
51,Devin Booker\bookede01,PG,27,PHO,33,33,36.0,9.3,19.3,0.484,2.1,5.6,0.371,7.2,13.6,0.531,0.539,6.2,7.0,0.888,0.7,4.1,4.8,7.7,0.8,0.3,2.8,3.1,27.0
52,Brandon Boston Jr.\bostobr01,SF,22,LAC,8,0,7.4,1.6,4.0,0.406,0.5,1.8,0.286,1.1,2.3,0.5,0.469,0.8,0.8,1.0,0.4,0.6,1.0,0.5,0.1,0.0,0.4,1.3,4.5
53,Chris Boucher\bouchch01,PF,31,TOR,40,0,14.2,2.1,4.5,0.472,0.7,2.0,0.329,1.5,2.5,0.586,0.545,1.3,1.8,0.743,1.2,2.9,4.0,0.4,0.3,0.5,0.5,1.4,6.2
54,James Bouknight\bouknja01,SG,23,CHO,10,0,6.4,1.4,3.0,0.467,1.1,2.2,0.5,0.3,0.8,0.375,0.65,0.1,0.2,0.5,0.1,0.8,0.9,0.6,0.0,0.1,0.1,0.2,4.0
55,Jamaree Bouyea\bouyeja01,PG,24,POR,6,0,9.5,0.8,3.5,0.238,0.0,1.3,0.0,0.8,2.2,0.385,0.238,0.0,0.0,,0.3,1.3,1.7,1.3,0.0,0.0,1.3,0.5,1.7
56,Malaki Branham\branhma01,PG,20,SAS,41,21,20.8,3.4,7.9,0.431,1.0,3.1,0.305,2.5,4.8,0.513,0.491,0.5,0.6,0.913,0.3,1.7,2.0,2.3,0.4,0.1,1.2,1.3,8.3
57,Christian Braun\braunch01,SG,22,DEN,44,0,19.2,2.8,6.1,0.455,0.7,1.9,0.373,2.1,4.2,0.492,0.513,1.3,1.8,0.718,0.7,2.9,3.5,1.5,0.4,0.4,0.8,1.6,7.5
58,Mikal Bridges\bridgmi01,SF,27,BRK,42,42,34.8,7.5,16.5,0.452,2.1,6.0,0.354,5.3,10.5,0.508,0.517,4.3,5.1,0.842,0.9,4.3,5.2,3.7,0.9,0.5,2.4,1.6,21.4
59,Miles Bridges\bridgmi02,SF,25,CHO,29,27,36.8,7.9,17.0,0.462,2.3,6.3,0.359,5.6,10.7,0.523,0.528,2.6,3.0,0.864,0.8,6.3,7.1,3.0,1.0,0.5,2.0,2.0,20.6
60,Oshae Brissett\brissos01,SF,25,BOS,26,0,12.1,1.4,3.1,0.463,0.4,1.3,0.303,1.0,1.8,0.574,0.525,1.0,1.5,0.684,1.2,1.9,3.0,0.7,0.5,0.1,0.3,1.2,4.2
61,Malcolm Brogdon\brogdma01,PG,31,POR,33,19,27.3,5.5,12.5,0.438,2.2,5.1,0.42,3.3,7.4,0.451,0.524,2.4,2.9,0.804,0.6,3.0,3.6,5.3,0.7,0.2,1.3,1.4,15.5
62,Armoni Brooks\brookar01,PG,25,BRK,10,0,10.4,1.5,4.6,0.326,1.1,3.2,0.344,0.4,1.4,0.286,0.446,0.1,0.2,0.5,0.7,1.1,1.8,0.5,0.1,0.1,0.3,0.3,4.2
63,Dillon Brooks\brookdi01,SF,28,HOU,33,33,31.5,5.0,10.9,0.462,1.9,4.8,0.392,3.2,6.1,0.517,0.549,1.8,2.2,0.831,0.7,2.8,3.5,1.5,1.0,0.1,1.5,3.7,13.7
64,Bruce Brown\brownbr01,SG-PG,27,TOT,35,33,29.4,4.5,9.5,0.479,1.0,3.0,0.321,3.6,6.5,0.553,0.53,2.0,2.4,0.821,0.8,3.9,4.7,2.9,1.1,0.3,1.2,2.5,12.0
64,Bruce Brown\brownbr01,SG,27,IND,33,33,29.7,4.5,9.5,0.475,1.0,3.1,0.327,3.5,6.5,0.545,0.527,2.0,2.5,0.817,0.8,3.9,4.7,3.0,1.1,0.2,1.2,2.5,12.1
64,Bruce Brown\brownbr01,PG,27,TOR,2,0,23.5,5.0,9.0,0.556,0.5,2.5,0.2,4.5,6.5,0.692,0.583,1.0,1.0,1.0,1.5,3.5,5.0,0.5,1.0,0.5,1.0,3.0,11.5
65,Charlie Brown Jr.\brownch02,SG,26,NYK,3,0,1.7,0.3,1.3,0.25,0.3,1.0,0.333,0.0,0.3,0.0,0.375,0.0,0.0,,0.0,0.0,0.0,0.0,0.0,0.0,0.7,0.0,1.0
66,Greg Brown III\browngr01,PF,22,DAL,6,0,6.7,0.8,1.8,0.455,0.2,0.5,0.333,0.7,1.3,0.5,0.5,0.7,1.5,0.444,0.5,1.0,1.5,0.7,0.0,0.7,0.7,0.8,2.5
67,Jaylen Brown\brownja02,SF,27,BOS,40,40,33.5,8.8,17.9,0.49,2.2,6.0,0.36,6.6,11.9,0.556,0.55,3.1,4.3,0.721,0.9,4.4,5.3,3.6,1.1,0.6,2.6,2.6,22.8
68,Kendall Brown\brownke03,SG,20,IND,3,0,5.7,0.7,1.7,0.4,0.0,0.3,0.0,0.7,1.3,0.5,0.4,1.3,2.0,0.667,0.7,0.0,0.7,0.3,0.0,0.0,0.0,1.3,2.7
69,Kobe Brown\brownko01,PF,24,LAC,25,0,10.0,0.9,2.2,0.393,0.4,1.4,0.306,0.4,0.8,0.55,0.491,0.0,0.1,0.5,0.2,1.2,1.4,0.6,0.2,0.1,0.2,1.5,2.2
70,Moses Brown\brownmo01,C,24,POR,9,4,9.1,1.0,2.3,0.429,0.0,0.0,,1.0,2.3,0.429,0.429,0.0,0.4,0.0,2.0,3.1,5.1,0.2,0.2,0.3,0.4,1.2,2.0
71,Troy Brown Jr.\browntr01,SF,24,MIN,34,3,11.6,1.5,3.3,0.442,0.9,2.4,0.37,0.6,0.9,0.625,0.575,0.6,0.6,0.864,0.4,1.6,2.0,1.0,0.2,0.1,0.5,0.7,4.4
72,Jalen Brunson\brunsja01,PG,27,NYK,41,41,35.8,9.3,19.6,0.475,2.9,6.7,0.427,6.5,13.0,0.499,0.547,5.0,6.1,0.831,0.6,3.3,3.9,6.5,1.0,0.2,2.4,2.1,26.5
73,Thomas Bryant\bryanth01,C,26,MIA,22,3,10.8,1.9,3.3,0.562,0.0,0.1,0.0,1.9,3.2,0.586,0.562,0.8,0.9,0.85,1.0,2.2,3.2,0.6,0.3,0.2,0.7,1.1,4.5
74,Kobe Bufkin\bufkiko01,SG,20,ATL,2,0,2.0,0.0,1.5,0.0,0.0,0.5,0.0,0.0,1.0,0.0,0.0,0.5,1.0,0.5,0.5,0.5,1.0,0.0,0.0,0.0,0.0,0.0,0.5
75,Reggie Bullock\bullore01,SF,32,HOU,17,0,9.3,0.8,2.1,0.4,0.6,1.5,0.385,0.2,0.5,0.444,0.543,0.1,0.1,1.0,0.1,1.3,1.4,0.5,0.1,0.1,0.2,0.5,2.3
76,Alec Burks\burksal01,SG,32,DET,35,0,20.1,3.8,9.6,0.397,2.3,5.7,0.403,1.5,3.8,0.388,0.518,2.8,3.1,0.9,0.4,1.9,2.3,1.5,0.5,0.3,0.7,1.5,12.7
77,Jared Butler\butleja02,SG,23,WAS,17,0,7.5,1.6,2.9,0.56,0.6,1.4,0.417,1.1,1.5,0.692,0.66,0.7,0.9,0.8,0.0,0.6,0.6,1.8,0.5,0.1,0.6,0.8,4.6
78,Jimmy Butler\butleji01,PF,34,MIA,28,28,33.6,6.5,13.5,0.483,0.8,2.1,0.397,5.7,11.5,0.498,0.513,7.2,8.1,0.885,1.9,3.1,5.0,4.4,1.1,0.4,1.8,1.1,21.1
79,Jamal Cain\cainja01,PF,24,MIA,14,1,14.9,2.1,4.7,0.439,0.6,1.8,0.32,1.5,2.9,0.512,0.5,1.0,1.4,0.737,0.9,1.2,2.1,0.2,0.6,0.3,0.3,1.1,5.7
80,Kentavious Caldwell-Pope\caldwke01,SG,30,DEN,42,42,32.4,3.6,7.8,0.457,1.5,3.8,0.399,2.1,4.0,0.512,0.553,1.5,1.6,0.897,0.4,1.9,2.3,2.5,1.5,0.5,1.0,1.9,10.1
81,Toumani Camara\camarto01,PF,23,POR,41,29,24.8,2.6,6.3,0.412,0.8,2.8,0.281,1.8,3.5,0.517,0.475,1.0,1.4,0.678,1.9,3.0,4.9,1.0,1.0,0.5,1.2,2.7,6.9
82,Clint Capela\capelca01,C,29,ATL,40,40,26.0,4.7,8.1,0.578,0.0,0.0,,4.7,8.1,0.578,0.578,1.8,2.7,0.651,4.8,5.6,10.4,1.0,0.7,1.7,0.9,2.6,11.2
83,Jevon Carter\carteje01,PG,28,CHI,42,0,14.3,2.1,5.5,0.375,1.2,3.5,0.349,0.8,2.0,0.422,0.487,0.1,0.1,0.6,0.1,0.6,0.8,1.2,0.5,0.3,0.5,1.1,5.5
84,Wendell Carter Jr.\cartewe01,C,24,ORL,17,11,24.7,3.9,7.6,0.512,1.1,2.6,0.432,2.8,5.0,0.553,0.585,1.8,2.4,0.756,1.8,4.7,6.5,1.6,0.4,0.5,1.2,2.1,10.7
85,Alex Caruso\carusal01,SG,29,CHI,37,25,25.5,3.5,7.0,0.494,1.7,4.1,0.417,1.8,2.9,0.602,0.616,1.2,1.5,0.768,1.0,2.5,3.5,2.6,1.4,0.9,1.3,2.3,9.8
86,Colin Castleton\castlco01,C,23,LAL,5,0,6.4,1.2,1.8,0.667,0.0,0.0,,1.2,1.8,0.667,0.667,0.8,0.8,1.0,0.8,1.0,1.8,0.6,0.0,0.0,0.2,1.2,3.2
87,Malcolm Cazalon\cazalma01,SG,22,DET,1,0,3.0,0.0,0.0,,0.0,0.0,,0.0,0.0,,,0.0,0.0,,0.0,0.0,0.0,0.0,0.0,0.0,0.0,0.0,0.0
88,Julian Champagnie\champju02,SF,22,SAS,35,20,15.5,2.0,4.8,0.411,1.4,3.5,0.395,0.6,1.3,0.455,0.557,0.8,0.9,0.871,0.4,1.8,2.2,1.0,0.6,0.5,0.7,1.1,6.1
89,Max Christie\chrisma02,SG,20,LAL,34,6,17.6,1.9,4.6,0.406,0.7,2.2,0.329,1.1,2.3,0.481,0.487,0.6,0.8,0.786,0.3,2.6,2.8,1.1,0.4,0.3,0.8,1.4,5.1
90,Sidy Cissoko\cissosi01,SF,19,SAS,5,0,6.4,0.2,1.2,0.167,0.0,0.8,0.0,0.2,0.4,0.5,0.167,0.8,0.8,1.0,0.0,1.2,1.2,0.0,0.6,0.0,0.2,0.4,1.2
91,Jordan Clarkson\clarkjo01,SG,31,UTA,34,19,30.4,6.5,15.5,0.42,1.8,5.7,0.318,4.7,9.8,0.48,0.479,3.4,3.9,0.886,1.1,2.7,3.8,5.1,0.7,0.1,2.9,1.4,18.3
92,Nic Claxton\claxtni01,C,24,BRK,32,32,29.0,5.4,8.4,0.643,0.0,0.1,0.5,5.4,8.3,0.644,0.645,1.7,2.9,0.574,3.1,7.0,10.1,1.8,0.6,2.3,1.1,2.6,12.5
93,Noah Clowney\clownno01,PF,19,BRK,2,0,13.5,3.0,4.5,0.667,0.0,0.5,0.0,3.0,4.0,0.75,0.667,1.0,1.0,1.0,1.5,1.0,2.5,1.0,0.0,0.0,0.5,1.5,7.0
94,Amir Coffey\coffeam01,SF,26,LAC,29,6,15.4,1.7,3.1,0.551,0.6,1.6,0.4,1.1,1.5,0.705,0.652,0.4,0.6,0.813,0.4,1.2,1.6,0.7,0.3,0.0,0.4,1.1,4.4
95,John Collins\collijo01,PF,26,UTA,40,38,27.6,5.3,10.5,0.501,1.3,3.7,0.363,4.0,6.9,0.575,0.564,1.9,2.4,0.792,2.0,5.6,7.6,1.0,0.6,0.8,1.5,2.7,13.8
96,Zach Collins\colliza01,C,26,SAS,33,24,25.9,4.9,9.9,0.497,1.1,3.4,0.31,3.9,6.5,0.595,0.55,1.9,2.5,0.771,1.9,3.9,5.8,3.3,0.6,0.7,2.3,3.4,12.9
97,Mike Conley\conlemi01,PG,36,MIN,41,41,29.2,3.7,8.3,0.445,2.3,5.3,0.438,1.3,2.9,0.458,0.587,1.2,1.3,0.923,0.4,2.4,2.8,6.4,1.0,0.2,1.1,1.7,10.9
98,Pat Connaughton\connapa01,SF,31,MIL,36,0,21.8,2.0,4.5,0.441,1.2,3.2,0.371,0.8,1.3,0.622,0.575,0.4,0.5,0.737,0.7,2.7,3.4,1.8,0.4,0.2,0.6,1.2,5.5
99,Bilal Coulibaly\coulibi01,SF,19,WAS,41,1,26.3,3.0,6.4,0.473,1.0,2.6,0.398,2.0,3.8,0.526,0.555,1.2,1.8,0.649,0.8,3.4,4.2,1.8,0.8,0.8,1.3,2.1,8.3
100,Ricky Council IV\councri01,SG,22,PHI,3,0,2.7,0.0,0.3,0.0,0.0,0.3,0.0,0.0,0.0,,0.0,0.3,0.7,0.5,0.0,0.0,0.0,0.0,0.0,0.0,0.0,0.3,0.3
101,Robert Covington\covinro01,SF-PF,33,TOT,29,6,16.8,1.5,3.4,0.439,0.7,1.9,0.339,0.8,1.4,0.571,0.536,0.8,0.9,0.846,1.1,2.3,3.3,0.8,1.3,0.6,0.4,1.9,4.4
101,Robert Covington\covinro01,PF,33,LAC,3,3,23.0,1.0,3.0,0.333,0.7,2.7,0.25,0.3,0.3,1.0,0.444,0.3,0.7,0.5,0.7,2.0,2.7,2.3,2.0,0.7,0.0,2.3,3.0
101,Robert Covington\covinro01,SF,33,PHI,26,3,16.1,1.5,3.4,0.449,0.7,1.8,0.354,0.9,1.6,0.561,0.545,0.8,0.9,0.875,1.1,2.3,3.4,0.7,1.3,0.6,0.4,1.9,4.5
102,Torrey Craig\craigto01,SF,33,CHI,27,7,21.2,2.2,5.1,0.424,1.1,2.8,0.382,1.1,2.3,0.476,0.529,0.7,0.9,0.783,1.9,3.0,4.8,1.0,0.6,0.4,0.6,2.5,6.1
103,Jae Crowder\crowdja01,PF,33,MIL,11,2,24.8,2.8,5.7,0.492,1.8,3.9,0.465,1.0,1.8,0.55,0.651,0.7,1.3,0.571,0.4,3.1,3.5,1.4,0.8,0.3,0.4,1.5,8.2
104,Cade Cunningham\cunnica01,PG,22,DET,36,36,34.5,8.5,19.0,0.449,1.9,5.6,0.335,6.7,13.4,0.496,0.498,3.9,4.5,0.87,0.4,3.6,4.1,7.3,1.0,0.3,3.8,2.8,22.8
105,Seth Curry\curryse01,SG,33,DAL,33,3,12.8,1.5,4.0,0.364,0.8,2.2,0.378,0.6,1.8,0.345,0.47,0.4,0.5,0.875,0.4,1.0,1.4,0.8,0.5,0.1,0.4,0.9,4.2
106,Stephen Curry\curryst01,PG,35,GSW,37,37,33.2,8.5,19.0,0.446,4.5,11.4,0.397,3.9,7.6,0.52,0.565,5.3,5.7,0.924,0.5,3.8,4.2,4.9,0.9,0.4,3.1,1.8,26.7
107,Dyson Daniels\daniedy01,PG,20,NOP,43,14,22.3,2.2,5.2,0.429,0.6,2.3,0.278,1.6,3.0,0.543,0.489,0.7,1.1,0.646,1.0,2.8,3.8,2.7,1.3,0.3,0.9,1.7,5.8
108,Anthony Davis\davisan02,C,30,LAL,42,42,35.9,9.4,16.8,0.557,0.3,1.1,0.311,9.0,15.8,0.574,0.567,5.8,7.2,0.814,3.1,9.0,12.2,3.7,1.2,2.4,2.2,2.5,24.9
109,Johnny Davis\davisjo06,SG,21,WAS,19,0,7.9,1.1,2.5,0.438,0.1,0.2,0.333,1.1,2.4,0.444,0.448,0.2,0.3,0.8,0.5,0.6,1.1,0.3,0.4,0.1,0.3,0.6,2.5
110,JD Davison\davisjd01,SG,21,BOS,2,0,3.0,0.0,0.5,0.0,0.0,0.5,0.0,0.0,0.0,,0.0,1.0,1.0,1.0,0.5,0.5,1.0,0.0,0.0,0.0,0.0,0.0,1.0
111,Dexter Dennis\dennide01,SG,24,DAL,4,0,7.5,2.5,4.8,0.526,0.3,2.0,0.125,2.3,2.8,0.818,0.553,0.3,0.8,0.333,0.3,2.0,2.3,1.0,0.0,0.3,0.8,0.3,5.5
112,DeMar DeRozan\derozde01,SF,34,CHI,42,42,37.0,7.7,16.7,0.461,1.0,2.9,0.339,6.7,13.8,0.486,0.49,5.6,6.6,0.848,0.6,3.5,4.0,5.3,1.1,0.7,1.4,2.2,21.9
113,Moussa Diabaté\diabamo01,C,22,LAC,10,0,5.8,0.9,1.8,0.5,0.0,0.0,,0.9,1.8,0.5,0.5,0.9,1.2,0.75,1.4,0.6,2.0,0.4,0.4,0.0,0.2,0.4,2.7
114,Mamadi Diakite\diakima01,PF,27,SAS,3,0,5.3,1.3,1.7,0.8,0.0,0.0,,1.3,1.7,0.8,0.8,1.3,2.0,0.667,0.3,0.7,1.0,0.7,0.0,0.3,0.0,0.3,4.0
115,Hamidou Diallo\diallha01,SG,25,WAS,2,0,2.5,0.5,1.0,0.5,0.0,0.0,,0.5,1.0,0.5,0.5,0.0,0.0,,1.0,0.0,1.0,0.5,1.0,0.0,0.5,0.5,1.0
116,Gradey Dick\dickgr01,SG,20,TOR,22,1,12.5,1.2,3.6,0.325,0.7,2.5,0.296,0.5,1.2,0.385,0.425,0.7,0.7,1.0,0.3,0.8,1.1,1.0,0.4,0.0,0.6,1.3,3.8
117,Ousmane Dieng\diengou01,PF,20,OKC,22,0,11.4,1.5,3.5,0.423,0.7,2.4,0.308,0.8,1.2,0.654,0.526,0.5,0.5,0.833,0.4,1.5,1.9,0.9,0.1,0.0,0.5,0.7,4.2
118,Spencer Dinwiddie\dinwisp01,PG,30,BRK,40,40,30.8,4.3,10.9,0.399,2.0,6.1,0.333,2.3,4.8,0.482,0.492,2.9,3.6,0.786,0.6,3.0,3.6,6.1,0.9,0.2,1.5,1.7,13.5
119,Donte DiVincenzo\divindo01,SG,27,NYK,43,25,22.2,3.9,8.6,0.459,2.6,6.2,0.421,1.3,2.4,0.559,0.611,0.9,1.2,0.712,0.7,2.4,3.1,2.2,1.1,0.3,1.1,1.9,11.3
120,Luka Dončić\doncilu01,PG,24,DAL,35,35,36.8,11.4,23.5,0.485,3.9,10.4,0.376,7.5,13.1,0.572,0.569,6.8,8.7,0.778,0.7,7.6,8.3,9.2,1.4,0.6,3.9,1.7,33.6
121,Luguentz Dort\dortlu01,SF,24,OKC,40,40,28.8,3.8,8.3,0.462,2.0,4.7,0.425,1.9,3.6,0.51,0.582,1.8,2.2,0.816,1.3,2.7,4.0,1.4,0.9,0.8,0.9,3.1,11.4
122,Ayo Dosunmu\dosunay01,SG,24,CHI,42,6,23.1,3.3,7.0,0.479,1.1,2.9,0.375,2.3,4.1,0.552,0.557,0.9,1.1,0.813,0.7,1.9,2.5,2.1,0.7,0.4,0.9,1.9,8.7
123,Andre Drummond\drumman01,C,30,CHI,44,7,16.0,3.1,5.6,0.549,0.0,0.0,0.0,3.1,5.5,0.553,0.549,1.5,2.7,0.556,3.3,5.1,8.4,0.6,1.2,0.6,1.1,1.8,7.6
124,Chris Duarte\duartch01,SF,26,SAC,34,11,13.5,1.3,3.7,0.36,0.6,2.0,0.313,0.7,1.7,0.414,0.444,0.5,0.7,0.75,0.4,1.5,1.9,0.9,0.5,0.1,0.6,1.8,3.8
125,Kris Dunn\dunnkr01,PG,29,UTA,36,18,17.6,2.1,4.4,0.475,0.5,1.3,0.375,1.6,3.1,0.518,0.532,0.3,0.5,0.667,0.6,2.3,2.9,4.3,0.9,0.4,1.2,1.9,5.0
126,Kevin Durant\duranke01,PF,35,PHO,35,35,37.0,10.3,19.4,0.532,2.3,4.8,0.47,8.1,14.6,0.553,0.59,6.2,7.1,0.883,0.5,5.8,6.3,5.6,0.9,1.2,3.2,1.9,29.2
127,Jalen Duren\durenja01,C,20,DET,27,26,29.8,6.2,9.6,0.646,0.0,0.1,0.0,6.2,9.6,0.651,0.646,1.6,2.3,0.694,3.3,8.2,11.4,2.6,0.4,0.9,2.1,3.3,14.0
128,Tari Eason\easonta01,PF,22,HOU,22,0,21.8,4.0,8.6,0.466,0.8,2.3,0.36,3.2,6.3,0.504,0.513,1.0,1.5,0.636,2.1,4.9,7.0,1.2,1.4,0.9,0.9,2.3,9.8
129,Anthony Edwards\edwaran01,SG,22,MIN,39,39,34.8,8.9,19.2,0.467,2.4,6.4,0.379,6.5,12.8,0.51,0.529,5.6,6.7,0.838,0.7,4.7,5.4,5.0,1.3,0.6,3.5,1.9,25.9
130,Kessler Edwards\edwarke02,SF,23,SAC,28,0,4.9,0.6,1.5,0.415,0.3,0.9,0.36,0.3,0.6,0.5,0.524,0.1,0.1,0.75,0.2,0.6,0.8,0.3,0.1,0.1,0.0,0.4,1.6
131,Keon Ellis\elliske01,SG,24,SAC,28,3,12.2,1.3,3.0,0.434,0.9,2.4,0.382,0.4,0.5,0.667,0.59,0.4,0.6,0.647,0.3,1.0,1.3,1.3,0.5,0.4,0.5,1.4,3.9
132,Joel Embiid\embiijo01,C,29,PHI,31,31,34.2,11.7,21.8,0.536,1.2,3.2,0.36,10.5,18.5,0.567,0.563,10.5,11.9,0.886,2.5,8.8,11.4,5.9,1.2,1.9,3.7,2.9,35.0
133,Drew Eubanks\eubandr01,C,26,PHO,36,2,15.6,2.2,3.7,0.586,0.1,0.1,1.0,2.1,3.6,0.577,0.598,1.1,1.5,0.755,1.4,2.7,4.1,0.9,0.3,0.9,1.0,1.7,5.5
134,Dante Exum\exumda01,PG,28,DAL,30,14,19.5,3.7,6.4,0.575,0.9,2.1,0.452,2.8,4.4,0.634,0.648,1.0,1.3,0.75,0.6,2.3,2.9,2.9,0.6,0.2,0.9,1.6,9.3
135,Bruno Fernando\fernabr01,C,25,ATL,13,0,6.5,1.1,2.1,0.519,0.0,0.2,0.0,1.1,1.8,0.583,0.519,0.8,1.5,0.526,0.5,1.5,2.0,0.3,0.2,0.4,0.5,0.9,2.9
136,Dorian Finney-Smith\finnedo01,PF,30,BRK,39,28,28.4,3.3,8.0,0.41,2.1,5.4,0.386,1.2,2.6,0.461,0.54,0.3,0.4,0.813,1.8,3.1,4.9,1.2,0.7,0.6,0.7,2.2,9.0
137,Malachi Flynn\flynnma01,PG,25,TOT,38,0,13.3,1.6,3.9,0.409,0.8,2.3,0.341,0.8,1.6,0.508,0.51,0.6,0.7,0.75,0.3,1.4,1.8,2.0,0.5,0.2,0.9,1.2,4.6
137,Malachi Flynn\flynnma01,PG,25,TOR,31,0,15.3,1.8,4.4,0.409,0.9,2.6,0.35,0.9,1.8,0.491,0.511,0.5,0.7,0.773,0.4,1.7,2.1,2.4,0.6,0.2,1.1,1.4,5.1
137,Malachi Flynn\flynnma01,PG,25,NYK,7,0,4.4,0.7,1.7,0.417,0.3,1.1,0.25,0.4,0.6,0.75,0.5,0.6,0.9,0.667,0.0,0.4,0.4,0.6,0.1,0.0,0.3,0.4,2.3
138,Simone Fontecchio\fontesi01,SF,28,UTA,42,26,22.8,3.2,7.1,0.45,1.8,4.6,0.39,1.4,2.5,0.563,0.577,0.7,0.9,0.784,1.0,2.4,3.3,1.4,0.6,0.4,1.1,1.7,8.9
139,Jordan Ford\fordjo01,PG,25,SAC,6,0,3.7,0.7,1.2,0.571,0.3,0.5,0.667,0.3,0.7,0.5,0.714,0.3,0.3,1.0,0.0,0.3,0.3,0.3,0.0,0.0,0.2,0.0,2.0
140,Trent Forrest\forretr01,SG,25,ATL,16,0,10.8,0.9,2.6,0.357,0.1,0.4,0.333,0.8,2.3,0.361,0.381,0.5,0.6,0.8,0.3,1.2,1.5,1.8,0.3,0.1,0.6,0.9,2.5
141,Evan Fournier\fournev01,SG,31,NYK,3,0,13.0,1.3,6.7,0.2,0.7,5.0,0.133,0.7,1.7,0.4,0.25,0.7,0.7,1.0,0.0,1.3,1.3,1.0,1.3,0.0,0.3,1.3,4.0
142,De'Aaron Fox\foxde01,PG,26,SAC,35,35,35.6,9.9,21.1,0.468,3.3,8.2,0.397,6.6,12.9,0.513,0.545,4.9,6.8,0.717,0.9,3.3,4.2,5.8,1.6,0.4,2.6,2.5,27.9
143,Javon Freeman-Liberty\freemja01,PG,24,TOR,1,0,2.0,1.0,3.0,0.333,0.0,0.0,,1.0,3.0,0.333,0.333,0.0,0.0,,1.0,0.0,1.0,0.0,0.0,0.0,0.0,0.0,2.0
144,Alex Fudge\fudgeal01,SF,20,LAL,4,0,3.5,0.3,1.5,0.167,0.0,0.5,0.0,0.3,1.0,0.25,0.167,0.5,0.5,1.0,0.5,0.0,0.5,0.0,0.0,0.0,0.3,0.3,1.0
145,Markelle Fultz\fultzma01,PG,25,ORL,12,6,24.3,3.9,8.1,0.485,0.0,0.3,0.0,3.9,7.8,0.5,0.485,0.4,0.9,0.455,1.3,1.8,3.0,3.7,1.2,0.4,1.3,1.8,8.3
146,Daniel Gafford\gaffoda01,C,25,WAS,37,37,26.2,4.3,6.3,0.685,0.0,0.0,,4.3,6.3,0.685,0.685,1.9,2.7,0.727,2.6,4.9,7.6,1.6,0.9,2.1,1.1,3.3,10.5
147,Danilo Gallinari\gallida01,PF-SF,35,TOT,27,0,14.9,2.1,4.9,0.439,0.8,2.4,0.323,1.4,2.5,0.552,0.519,1.9,2.3,0.852,0.4,2.4,2.9,1.3,0.2,0.1,0.4,1.0,7.0
147,Danilo Gallinari\gallida01,PF,35,WAS,26,0,14.8,2.2,5.0,0.435,0.8,2.5,0.313,1.4,2.6,0.552,0.511,1.8,2.2,0.839,0.5,2.5,2.9,1.2,0.2,0.1,0.5,1.0,7.0
147,Danilo Gallinari\gallida01,SF,35,DET,1,0,16.0,1.0,1.0,1.0,1.0,1.0,1.0,0.0,0.0,,1.5,5.0,5.0,1.0,0.0,1.0,1.0,3.0,0.0,0.0,0.0,0.0,8.0
148,Darius Garland\garlada01,PG,24,CLE,20,20,34.0,7.6,16.1,0.47,1.8,5.2,0.346,5.8,10.9,0.53,0.526,3.8,4.6,0.835,0.6,2.2,2.8,5.9,1.6,0.2,3.8,1.6,20.7
149,Usman Garuba\garubus01,PF,21,GSW,2,0,3.0,0.0,0.5,0.0,0.0,0.0,,0.0,0.5,0.0,0.0,0.0,0.0,,0.0,0.0,0.0,0.5,0.5,0.0,0.0,0.5,0.0
150,Luka Garza\garzalu01,C,25,MIN,8,0,2.8,0.6,2.0,0.313,0.0,0.6,0.0,0.6,1.4,0.455,0.313,0.6,1.0,0.625,0.5,0.5,1.0,0.3,0.0,0.0,0.3,0.9,1.9
151,Kaiser Gates\gateska01,SF,27,NOP,1,0,7.0,0.0,4.0,0.0,0.0,2.0,0.0,0.0,2.0,0.0,0.0,0.0,0.0,,0.0,1.0,1.0,0.0,0.0,0.0,0.0,0.0,0.0
152,Keyonte George\georgke01,PG,20,UTA,38,16,24.3,3.4,9.2,0.372,1.7,5.2,0.33,1.7,4.0,0.428,0.466,2.3,2.8,0.806,0.3,2.5,2.8,4.3,0.4,0.1,2.1,1.0,10.8
153,Paul George\georgpa01,PF,33,LAC,39,39,34.8,8.3,17.9,0.464,3.6,8.6,0.418,4.7,9.3,0.507,0.565,3.4,3.7,0.911,0.6,4.9,5.6,3.6,1.6,0.3,2.1,2.9,23.6
154,Taj Gibson\gibsota01,PF,38,NYK,10,0,9.7,0.7,1.4,0.5,0.0,0.4,0.0,0.7,1.0,0.7,0.5,0.0,0.0,,0.6,1.2,1.8,0.5,0.1,0.6,0.2,2.0,1.4
155,Josh Giddey\giddejo01,SG,21,OKC,41,41,25.0,4.8,10.7,0.453,1.0,2.8,0.345,3.9,7.8,0.492,0.499,1.2,1.5,0.817,1.3,4.9,6.2,4.6,0.8,0.4,2.2,1.3,11.8
156,Harry Giles\gilesha01,C,25,BRK,12,0,5.6,1.5,3.0,0.5,0.1,0.7,0.125,1.4,2.3,0.607,0.514,0.5,0.9,0.545,0.8,0.8,1.6,0.3,0.1,0.3,0.3,0.8,3.6
157,Shai Gilgeous-Alexander\gilgesh01,PG,25,OKC,41,41,34.5,11.0,20.1,0.549,1.1,3.4,0.326,9.9,16.6,0.595,0.577,7.9,8.9,0.893,0.8,4.8,5.6,6.3,2.2,0.8,2.0,2.6,31.1
158,Anthony Gill\gillan01,PF,31,WAS,24,0,6.1,0.9,1.9,0.489,0.1,0.5,0.182,0.8,1.4,0.588,0.511,0.5,0.7,0.75,0.5,0.9,1.4,0.4,0.1,0.3,0.5,0.5,2.4
159,Collin Gillespie\gilleco01,PG,24,DEN,14,0,6.9,0.8,1.7,0.458,0.3,0.9,0.308,0.5,0.8,0.636,0.542,0.3,0.4,0.8,0.1,0.3,0.4,0.6,0.4,0.0,0.4,0.9,2.1
160,Jacob Gilyard\gilyaja01,PG,25,MEM,25,9,16.4,1.3,3.4,0.393,1.1,2.8,0.406,0.2,0.6,0.333,0.56,0.0,0.0,1.0,0.3,0.8,1.1,3.2,0.6,0.1,0.6,1.0,3.8
161,Rudy Gobert\goberru01,C,31,MIN,41,41,32.9,5.0,7.9,0.627,0.0,0.0,0.0,5.0,7.9,0.63,0.627,3.3,5.2,0.628,3.5,9.0,12.5,1.2,0.7,2.1,1.7,2.9,13.2
162,Jordan Goodwin\goodwjo01,PG,25,PHO,35,0,15.5,1.9,5.2,0.372,0.7,2.3,0.291,1.3,3.0,0.433,0.434,0.7,0.8,0.852,1.1,2.2,3.3,2.2,0.6,0.2,0.8,1.2,5.2
163,Aaron Gordon\gordoaa01,PF,28,DEN,38,38,32.1,5.5,10.1,0.542,0.5,1.8,0.286,4.9,8.3,0.599,0.568,2.2,3.6,0.613,2.7,4.1,6.8,3.2,0.8,0.6,1.4,1.7,13.7
164,Eric Gordon\gordoer01,SG,35,PHO,36,19,30.4,4.6,10.4,0.443,2.5,6.6,0.376,2.1,3.8,0.558,0.561,0.8,1.0,0.778,0.3,1.8,2.1,2.3,0.9,0.5,1.3,1.3,12.5
165,Devonte' Graham\grahade01,PG,28,SAS,9,0,9.2,1.1,2.9,0.385,0.7,2.0,0.333,0.4,0.9,0.5,0.5,0.7,0.9,0.75,0.2,1.0,1.2,2.1,0.3,0.1,0.3,0.4,3.6
166,Jerami Grant\grantje01,PF,29,POR,37,37,33.9,7.6,16.5,0.459,2.2,5.4,0.403,5.4,11.1,0.487,0.525,4.3,5.4,0.803,0.7,2.9,3.6,2.4,0.8,0.7,2.1,2.3,21.7
167,A.J. Green\greenaj01,SG,24,MIL,26,0,7.8,1.2,2.7,0.429,1.0,2.3,0.417,0.2,0.4,0.5,0.607,0.2,0.2,1.0,0.2,0.6,0.8,0.6,0.0,0.0,0.0,0.9,3.4
168,Danny Green\greenda02,SG,36,PHI,2,0,9.0,0.0,1.0,0.0,0.0,0.5,0.0,0.0,0.5,0.0,0.0,0.0,0.0,,0.0,1.0,1.0,0.5,0.5,0.0,0.0,0.5,0.0
169,Draymond Green\greendr01,PF,33,GSW,16,15,25.1,3.3,6.8,0.491,1.2,2.7,0.442,2.1,4.1,0.523,0.579,1.7,2.0,0.844,1.4,4.3,5.6,5.7,0.4,0.7,2.4,3.1,9.5
170,Jalen Green\greenja05,SG,21,HOU,42,42,30.3,5.8,14.5,0.397,2.0,6.4,0.32,3.7,8.1,0.459,0.468,3.5,4.4,0.796,0.4,4.2,4.6,3.2,0.6,0.3,2.2,1.3,17.1
171,Jeff Green\greenje02,PF,37,HOU,40,1,16.4,2.2,4.1,0.521,0.4,1.3,0.32,1.8,2.9,0.609,0.57,1.9,2.3,0.824,0.7,1.4,2.1,0.8,0.1,0.5,0.7,1.5,6.6
172,Josh Green\greenjo02,SG,23,DAL,29,12,25.5,2.8,6.0,0.463,1.1,3.0,0.368,1.7,3.0,0.557,0.554,0.6,1.1,0.563,0.6,2.4,3.0,2.5,0.8,0.2,0.9,1.8,7.3
173,AJ Griffin\griffaj01,SF,20,ATL,16,0,8.1,0.8,2.6,0.31,0.6,1.9,0.29,0.3,0.7,0.364,0.417,0.1,0.1,1.0,0.1,0.7,0.8,0.3,0.1,0.1,0.4,0.4,2.3
174,Quentin Grimes\grimequ01,SG,23,NYK,40,18,19.8,2.4,6.1,0.387,1.7,4.7,0.371,0.6,1.4,0.439,0.529,0.4,0.5,0.714,0.3,1.4,1.8,1.1,0.7,0.1,0.5,1.5,6.8
175,Mouhamed Gueye\gueyemo02,PF,21,ATL,2,0,2.0,0.0,0.5,0.0,0.0,0.5,0.0,0.0,0.0,,0.0,0.0,0.0,,0.0,0.0,0.0,0.0,0.5,0.0,0.0,0.5,0.0
176,Rui Hachimura\hachiru01,PF,25,LAL,30,6,22.9,4.2,9.0,0.47,1.1,3.0,0.352,3.2,6.0,0.531,0.53,1.6,2.1,0.762,0.8,2.7,3.5,1.1,0.7,0.2,0.8,1.3,11.1
177,Tyrese Haliburton\halibty01,PG,23,IND,34,34,33.4,8.4,16.9,0.496,3.4,8.4,0.4,5.0,8.5,0.59,0.595,3.5,4.1,0.862,0.6,3.5,4.1,12.6,1.1,0.6,2.5,1.1,23.6
178,R.J. Hampton\hamptrj01,PG,22,MIA,8,2,9.5,0.5,1.8,0.286,0.1,1.0,0.125,0.4,0.8,0.5,0.321,0.1,0.3,0.5,0.3,0.5,0.8,1.0,0.0,0.0,0.4,1.0,1.3
179,Tim Hardaway Jr.\hardati02,SF,31,DAL,39,8,29.6,6.2,14.7,0.418,3.2,8.9,0.362,2.9,5.8,0.504,0.528,2.6,2.9,0.877,0.4,3.3,3.6,1.7,0.4,0.0,1.0,1.5,18.1
180,James Harden\hardeja01,PG,34,LAC,36,36,34.1,5.1,11.1,0.455,2.7,6.5,0.421,2.3,4.6,0.503,0.578,4.3,4.9,0.881,0.3,4.3,4.6,8.5,1.3,0.9,2.7,2.1,17.1
181,Jaden Hardy\hardyja02,SG,21,DAL,37,4,15.8,2.9,7.5,0.38,1.3,3.9,0.343,1.5,3.7,0.419,0.468,0.8,1.1,0.683,0.3,1.8,2.1,1.6,0.3,0.1,0.8,1.2,7.8
182,Ron Harper Jr.\harpero02,PF,23,TOR,1,0,4.0,0.0,0.0,,0.0,0.0,,0.0,0.0,,,0.0,0.0,,0.0,0.0,0.0,1.0,0.0,0.0,0.0,2.0,0.0
183,Gary Harris\harriga01,SG,29,ORL,27,6,22.8,2.4,5.7,0.429,1.3,4.0,0.333,1.1,1.7,0.652,0.545,0.9,1.1,0.774,0.5,1.2,1.7,1.9,0.9,0.2,0.5,1.7,7.1
184,Joe Harris\harrijo01,SG,32,DET,15,0,10.5,0.9,2.4,0.361,0.7,1.9,0.345,0.2,0.5,0.429,0.5,0.1,0.1,0.5,0.2,0.7,0.9,0.7,0.2,0.1,0.3,1.2,2.5
185,Kevon Harris\harrike01,SG,26,ORL,1,0,3.0,0.0,0.0,,0.0,0.0,,0.0,0.0,,,0.0,0.0,,0.0,1.0,1.0,0.0,0.0,0.0,1.0,1.0,0.0
186,Tobias Harris\harrito02,PF,31,PHI,40,40,34.1,6.7,13.1,0.51,1.3,3.4,0.372,5.4,9.7,0.559,0.559,3.1,3.5,0.899,1.0,5.0,6.1,3.2,1.0,0.6,1.5,1.7,17.8
187,Shaquille Harrison\harrish01,SG,30,MEM,3,0,2.0,0.3,0.7,0.5,0.0,0.0,,0.3,0.7,0.5,0.5,0.0,0.0,,0.0,0.7,0.7,0.0,0.0,0.3,0.0,0.0,0.7
188,Josh Hart\hartjo01,SF,28,NYK,42,6,28.1,2.9,6.5,0.443,0.9,2.8,0.328,2.0,3.7,0.529,0.513,0.7,0.9,0.806,1.3,5.2,6.5,2.7,0.7,0.2,1.2,1.9,7.4
189,Isaiah Hartenstein\harteis01,C,25,NYK,43,17,25.6,2.6,4.3,0.605,0.0,0.1,0.333,2.6,4.2,0.61,0.608,1.4,2.0,0.694,3.3,5.2,8.5,2.0,1.2,1.1,1.2,2.9,6.6
190,Sam Hauser\hausesa01,SF,26,BOS,42,5,21.9,2.8,6.5,0.434,2.3,5.6,0.403,0.6,0.9,0.632,0.608,0.3,0.3,0.846,0.7,3.0,3.7,1.0,0.4,0.3,0.5,1.4,8.2
191,Jordan Hawkins\hawkijo01,SG,21,NOP,38,10,21.9,3.7,8.8,0.414,2.2,5.7,0.392,1.4,3.1,0.454,0.54,1.5,1.8,0.836,0.6,2.2,2.8,1.4,0.4,0.1,0.8,1.5,11.0
192,Jaxson Hayes\hayesja02,C,23,LAL,35,1,9.7,1.2,1.9,0.662,0.0,0.1,0.0,1.2,1.7,0.717,0.662,0.4,0.8,0.536,0.5,1.3,1.7,0.3,0.2,0.3,0.5,1.8,2.9
193,Killian Hayes\hayeski01,PG,22,DET,37,27,24.7,2.9,7.2,0.408,0.5,1.8,0.279,2.4,5.4,0.452,0.444,0.9,1.3,0.681,0.3,2.5,2.8,4.9,0.9,0.5,1.2,1.9,7.3
194,Gordon Hayward\haywago01,SF,33,CHO,25,25,31.9,5.6,11.9,0.468,0.9,2.4,0.361,4.7,9.4,0.496,0.505,2.5,3.2,0.765,1.0,3.7,4.7,4.6,1.1,0.5,2.0,1.8,14.5
195,Scoot Henderson\hendesc01,PG,19,POR,33,15,27.3,4.4,12.1,0.364,1.2,3.9,0.292,3.2,8.1,0.399,0.412,2.3,3.0,0.75,0.9,2.1,3.0,4.7,0.6,0.2,3.3,3.2,12.2
196,Taylor Hendricks\hendrita01,PF,20,UTA,13,0,13.9,1.8,4.5,0.397,0.9,2.7,0.343,0.8,1.8,0.478,0.5,0.5,0.6,0.75,0.8,1.4,2.2,0.5,0.7,0.5,0.7,0.9,4.9
197,Tyler Herro\herroty01,SG,24,MIA,24,24,34.0,8.2,18.9,0.435,3.3,8.2,0.401,4.9,10.7,0.461,0.522,2.3,2.8,0.848,0.6,4.9,5.5,4.1,1.2,0.1,2.5,1.6,22.0
198,Buddy Hield\hieldbu01,SF,31,IND,43,22,26.2,4.7,10.6,0.445,2.9,7.4,0.391,1.8,3.2,0.568,0.581,0.6,0.7,0.844,0.7,2.6,3.3,2.7,0.8,0.6,1.3,2.0,13.0
199,Haywood Highsmith\highsha01,PF,27,MIA,29,17,21.3,2.1,5.0,0.414,1.1,2.9,0.365,1.0,2.1,0.483,0.521,0.6,0.8,0.783,0.8,2.1,2.9,1.2,1.0,0.5,0.7,2.0,5.8
200,Nate Hinton\hintona01,SG,24,HOU,5,0,5.2,0.8,1.8,0.444,0.8,1.0,0.8,0.0,0.8,0.0,0.667,0.0,0.0,,0.4,0.6,1.0,0.2,0.0,0.0,0.2,1.0,2.4
201,D'Moi Hodge\hodgedm01,SG,25,LAL,7,0,5.9,0.7,2.1,0.333,0.4,1.7,0.25,0.3,0.4,0.667,0.433,0.1,0.3,0.5,0.0,0.0,0.0,0.7,0.1,0.1,0.1,0.6,2.0
202,Aaron Holiday\holidaa01,PG,27,HOU,40,1,16.8,2.4,5.3,0.443,1.2,2.9,0.397,1.2,2.4,0.5,0.552,0.6,0.7,0.893,0.3,1.6,1.9,1.6,0.6,0.1,0.7,1.5,6.5
203,Jrue Holiday\holidjr01,PG,33,BOS,39,39,33.7,5.0,10.9,0.455,2.0,4.7,0.418,3.0,6.2,0.483,0.546,1.2,1.4,0.821,1.5,4.7,6.2,4.6,0.8,0.7,1.9,1.6,13.1
204,Justin Holiday\holidju01,SG,34,DEN,25,6,13.0,1.3,2.7,0.493,0.8,1.9,0.447,0.5,0.8,0.6,0.649,0.0,0.0,,0.2,1.0,1.2,1.0,0.6,0.0,0.2,1.1,3.5
205,Richaun Holmes\holmeri01,C,30,DAL,17,1,10.1,1.4,2.7,0.5,0.0,0.0,,1.4,2.7,0.5,0.5,0.5,1.1,0.5,1.5,2.1,3.6,0.5,0.1,0.4,0.6,1.3,3.2
206,Chet Holmgren\holmgch01,C,21,OKC,42,42,30.1,6.5,12.0,0.542,1.6,4.2,0.386,4.9,7.8,0.625,0.609,2.7,3.4,0.796,1.4,5.7,7.2,2.8,0.6,2.5,1.7,2.7,17.3
207,Jalen Hood-Schifino\hoodsja01,SG,20,LAL,11,0,7.6,0.7,3.0,0.242,0.1,0.8,0.111,0.6,2.2,0.292,0.258,0.6,1.1,0.583,0.2,0.7,0.9,0.6,0.3,0.1,0.6,0.9,2.2
208,Al Horford\horfoal01,C,37,BOS,35,16,27.1,2.9,6.0,0.488,1.6,3.9,0.412,1.3,2.1,0.63,0.622,0.3,0.4,0.857,1.4,5.5,6.9,2.8,0.5,1.0,0.8,1.6,7.8
209,Talen Horton-Tucker\hortota01,PG,23,UTA,30,11,22.0,4.1,10.0,0.411,1.2,3.7,0.333,2.9,6.3,0.457,0.473,1.6,2.0,0.787,0.4,2.1,2.5,4.2,1.1,0.4,1.7,2.1,11.0
210,Danuel House Jr.\houseda01,SF,30,PHI,26,0,13.2,1.2,2.7,0.437,0.5,1.4,0.361,0.7,1.3,0.514,0.528,0.7,1.0,0.76,0.4,1.1,1.5,0.8,0.3,0.1,0.6,1.1,3.6
211,Caleb Houstan\houstca01,SF,21,ORL,34,7,15.8,1.6,4.3,0.372,1.4,4.0,0.348,0.2,0.3,0.7,0.534,0.5,0.6,0.773,0.6,1.1,1.7,0.7,0.3,0.0,0.4,1.2,5.1
212,Jett Howard\howarje01,SF,20,ORL,11,0,3.8,0.6,1.7,0.368,0.4,1.3,0.286,0.3,0.5,0.6,0.474,0.2,0.4,0.5,0.1,0.4,0.5,0.3,0.0,0.1,0.2,0.1,1.8
213,Kevin Huerter\huertke01,SG,25,SAC,39,34,23.8,3.9,8.9,0.44,1.9,5.4,0.358,2.0,3.5,0.566,0.549,0.7,0.8,0.818,0.5,3.2,3.7,2.5,0.6,0.3,0.6,2.2,10.5
214,Jay Huff\huffja01,C,25,DEN,5,0,2.4,0.4,0.8,0.5,0.0,0.4,0.0,0.4,0.4,1.0,0.5,0.0,0.0,,0.0,0.2,0.2,0.2,0.0,0.0,0.2,0.6,0.8
215,De'Andre Hunter\huntede01,SF,26,ATL,24,24,30.3,5.1,11.0,0.46,1.9,4.8,0.404,3.2,6.3,0.503,0.547,2.8,3.1,0.907,0.6,3.5,4.1,1.4,0.8,0.4,1.5,3.0,14.9
216,Bones Hyland\hylanbo01,PG,23,LAC,16,2,14.6,2.6,6.7,0.393,1.3,3.4,0.364,1.4,3.3,0.423,0.486,0.6,0.8,0.833,0.1,0.8,0.9,1.8,0.5,0.1,1.3,1.4,7.1
217,Joe Ingles\inglejo01,SF,36,ORL,29,0,18.5,1.7,4.2,0.407,1.1,2.7,0.41,0.6,1.6,0.4,0.537,0.6,0.7,0.85,0.4,2.2,2.6,3.5,0.8,0.1,1.0,1.6,5.1
218,Brandon Ingram\ingrabr01,SF,26,NOP,39,39,33.2,7.9,16.2,0.488,1.4,3.9,0.357,6.5,12.3,0.53,0.532,4.2,5.2,0.812,0.6,4.2,4.8,5.7,0.8,0.4,2.4,2.3,21.5
219,Kyrie Irving\irvinky01,SG,31,DAL,26,26,33.2,9.3,19.6,0.473,2.9,7.0,0.41,6.4,12.6,0.508,0.546,3.8,4.3,0.893,0.8,4.2,5.0,5.4,1.3,0.5,1.7,1.8,25.3
220,Jonathan Isaac\isaacjo01,PF,26,ORL,26,0,13.5,2.2,4.7,0.455,0.6,2.0,0.283,1.6,2.7,0.586,0.516,1.3,1.6,0.786,1.1,2.8,3.9,0.4,0.8,1.1,0.5,1.2,6.2
221,Jaden Ivey\iveyja01,SG,21,DET,38,22,26.4,5.0,11.0,0.456,1.3,4.1,0.318,3.7,7.0,0.536,0.514,3.0,4.1,0.726,1.3,2.5,3.8,3.7,0.8,0.6,2.3,2.8,14.3
222,Andre Jackson Jr.\jacksan01,SG,22,MIL,36,8,11.4,1.1,2.0,0.534,0.4,0.9,0.382,0.7,1.1,0.667,0.623,0.2,0.2,0.857,1.0,1.3,2.3,1.0,0.3,0.1,0.5,1.9,2.7
223,Gregory Jackson II\jacksgg01,PF,19,MEM,10,0,11.5,2.1,4.6,0.457,1.1,2.3,0.478,1.0,2.3,0.435,0.576,1.3,1.9,0.684,0.9,1.5,2.4,0.3,0.3,0.5,0.6,1.0,6.6
224,Isaiah Jackson\jacksis01,C,22,IND,33,1,13.8,2.8,4.2,0.676,0.0,0.1,0.0,2.8,4.2,0.686,0.676,1.3,1.9,0.694,1.5,2.7,4.2,0.9,0.7,1.2,0.7,2.8,7.0
225,Jaren Jackson Jr.\jacksja02,C,24,MEM,40,40,31.5,7.4,16.2,0.454,1.8,5.4,0.332,5.6,10.8,0.516,0.51,5.2,6.2,0.838,1.3,4.4,5.7,1.8,0.9,1.7,2.0,3.5,21.7
226,Reggie Jackson\jacksre01,PG,33,DEN,44,14,23.1,4.5,9.7,0.468,1.4,3.6,0.381,3.1,6.0,0.521,0.54,1.0,1.3,0.75,0.4,1.7,2.0,4.2,0.6,0.2,1.5,1.8,11.4
227,Trayce Jackson-Davis\jackstr02,PF,23,GSW,30,3,14.4,2.9,4.3,0.688,0.0,0.0,,2.9,4.3,0.688,0.688,1.1,1.8,0.618,1.7,2.6,4.3,1.0,0.4,0.8,0.8,1.7,7.0
228,LeBron James\jamesle01,PF,39,LAL,40,40,34.3,9.3,17.8,0.52,2.2,5.5,0.391,7.1,12.3,0.577,0.58,4.1,5.6,0.74,0.9,6.3,7.2,7.4,1.3,0.6,3.4,1.1,24.8
229,Jaime Jaquez Jr.\jaqueja01,SF,22,MIA,39,15,30.2,5.4,10.6,0.513,1.1,3.0,0.353,4.4,7.6,0.576,0.563,2.1,2.5,0.837,1.3,2.6,3.9,2.7,1.1,0.3,1.7,2.5,14.0
230,DaQuan Jeffries\jeffrda01,SG,26,NYK,10,0,3.0,0.5,1.2,0.417,0.1,0.5,0.2,0.4,0.7,0.571,0.458,0.0,0.2,0.0,0.0,0.5,0.5,0.2,0.0,0.0,0.1,0.2,1.1
231,Ty Jerome\jeromty01,SG,26,CLE,2,0,7.5,1.0,2.0,0.5,0.0,0.5,0.0,1.0,1.5,0.667,0.5,0.0,0.0,,0.5,0.0,0.5,1.5,0.0,0.0,0.5,1.0,2.0
232,Isaiah Joe\joeis01,SG,24,OKC,42,0,19.3,3.0,6.7,0.454,2.1,5.0,0.425,0.9,1.7,0.543,0.613,0.7,0.9,0.833,0.4,2.1,2.5,1.2,0.7,0.3,0.6,1.2,9.0
233,Cameron Johnson\johnsca02,PF,27,BRK,34,34,28.6,5.1,11.4,0.451,2.4,6.2,0.392,2.7,5.2,0.523,0.558,1.1,1.6,0.709,1.1,3.5,4.6,2.6,0.8,0.2,0.9,1.9,13.9
234,Jalen Johnson\johnsja05,SF,22,ATL,28,25,32.1,6.0,10.7,0.562,1.1,3.0,0.386,4.9,7.7,0.63,0.615,1.9,2.5,0.757,1.2,7.1,8.3,3.1,1.3,0.8,2.2,2.4,15.0
235,James Johnson\johnsja01,PF,36,IND,5,0,4.8,0.4,1.0,0.4,0.0,0.2,0.0,0.4,0.8,0.5,0.4,0.0,0.0,,0.2,0.6,0.8,1.0,0.8,0.0,0.4,0.8,0.8
236,Keldon Johnson\johnske04,SF,24,SAS,40,26,31.3,6.1,13.6,0.451,1.9,5.5,0.349,4.2,8.1,0.52,0.521,3.0,3.9,0.779,1.3,4.6,5.9,3.5,0.8,0.2,1.7,2.5,17.2
237,Keon Johnson\johnske07,SG,21,BRK,1,0,21.0,3.0,8.0,0.375,2.0,4.0,0.5,1.0,4.0,0.25,0.5,4.0,4.0,1.0,0.0,1.0,1.0,1.0,1.0,1.0,1.0,1.0,12.0
238,Keyontae Johnson\johnske08,SF,23,OKC,2,0,11.5,1.0,3.0,0.333,0.0,0.5,0.0,1.0,2.5,0.4,0.333,0.0,0.0,,0.5,1.0,1.5,1.0,0.0,0.0,1.0,0.5,2.0
239,Nikola Jokić\jokicni01,C,28,DEN,43,43,33.6,10.2,17.3,0.587,1.0,2.9,0.35,9.2,14.4,0.634,0.616,4.8,5.8,0.823,3.0,8.9,11.9,9.1,1.1,1.0,2.9,2.6,26.1
240,Colby Jones\jonesco02,SG,21,SAC,15,0,7.3,1.1,2.8,0.381,0.1,0.9,0.077,1.0,1.9,0.517,0.393,0.1,0.2,0.667,0.6,0.8,1.4,0.6,0.3,0.1,0.3,1.0,2.3
241,Damian Jones\jonesda03,C,28,CLE,17,0,5.5,0.6,1.2,0.5,0.1,0.2,0.25,0.5,0.9,0.563,0.525,0.1,0.2,0.667,0.2,0.8,1.0,0.2,0.1,0.2,0.3,0.6,1.4
242,Derrick Jones Jr.\jonesde02,SF,26,DAL,40,39,26.0,3.9,7.8,0.492,1.5,4.1,0.356,2.4,3.8,0.64,0.585,1.4,1.9,0.747,1.3,2.5,3.8,1.0,0.9,0.9,0.9,1.9,10.6
243,Herbert Jones\joneshe01,SF,25,NOP,40,40,28.8,3.8,7.8,0.481,1.3,3.4,0.378,2.5,4.4,0.559,0.563,1.9,2.2,0.852,1.1,2.5,3.6,2.5,1.2,1.0,1.2,2.8,10.7
244,Tre Jones\jonestr01,PG,24,SAS,38,9,25.1,3.7,7.5,0.493,0.6,2.3,0.267,3.1,5.3,0.59,0.533,1.3,1.5,0.895,0.7,2.4,3.1,5.4,0.9,0.1,1.4,1.3,9.4
245,Tyus Jones\jonesty01,PG,27,WAS,42,42,28.3,5.2,10.3,0.51,1.6,3.8,0.421,3.6,6.5,0.563,0.588,0.5,0.7,0.75,0.3,2.5,2.9,6.0,1.2,0.3,0.9,0.7,12.6
246,DeAndre Jordan\jordade01,C,35,DEN,20,1,12.6,1.9,2.9,0.649,0.0,0.0,,1.9,2.9,0.649,0.649,1.0,2.2,0.455,1.7,3.3,5.0,0.9,0.3,0.5,0.9,1.9,4.7
247,Cory Joseph\josepco01,PG,32,GSW,21,0,10.7,0.6,2.3,0.271,0.3,1.5,0.194,0.3,0.8,0.412,0.333,0.2,0.3,0.571,0.2,0.7,0.9,1.7,0.2,0.1,0.5,0.9,1.7
248,Nikola Jović\jovicni01,PF,20,MIA,17,12,18.2,2.1,5.2,0.409,1.1,2.5,0.419,1.1,2.6,0.4,0.511,0.6,1.2,0.55,0.9,3.8,4.6,2.1,0.4,0.4,1.0,2.2,5.9
249,Johnny Juzang\juzanjo01,SG,22,UTA,1,0,4.0,0.0,2.0,0.0,0.0,2.0,0.0,0.0,0.0,,0.0,0.0,0.0,,0.0,0.0,0.0,1.0,0.0,0.0,0.0,0.0,0.0
250,Luke Kennard\kennalu01,SG,27,MEM,19,7,23.8,3.3,7.5,0.437,2.5,5.7,0.431,0.8,1.7,0.455,0.602,0.9,0.9,0.944,0.4,2.7,3.1,2.8,0.5,0.1,0.7,1.0,9.9
251,Walker Kessler\kesslwa01,C,22,UTA,36,13,24.0,3.8,5.9,0.648,0.1,0.4,0.25,3.7,5.5,0.68,0.657,0.8,1.5,0.491,2.7,5.1,7.7,0.8,0.5,2.7,1.1,2.2,8.5
252,Braxton Key\keybr01,SF,26,DEN,13,0,3.4,0.4,1.1,0.357,0.1,0.3,0.25,0.3,0.8,0.4,0.393,0.3,0.4,0.8,0.2,0.6,0.8,0.6,0.2,0.0,0.1,0.3,1.2
253,Corey Kispert\kispeco01,SF,24,WAS,41,1,21.7,4.0,8.4,0.478,2.0,5.3,0.369,2.1,3.1,0.664,0.594,1.5,1.9,0.772,0.3,1.9,2.2,1.5,0.3,0.2,1.0,1.6,11.5
254,Maxi Kleber\klebima01,C,32,DAL,8,2,17.8,1.0,3.1,0.32,0.6,2.0,0.313,0.4,1.1,0.333,0.42,1.0,1.5,0.667,0.8,2.9,3.6,1.9,0.3,0.6,0.9,2.3,3.6
255,Kevin Knox\knoxke01,SF,24,DET,24,8,19.3,3.1,6.5,0.478,1.3,3.4,0.366,1.9,3.1,0.6,0.573,0.7,0.8,0.895,0.6,1.8,2.5,0.8,0.5,0.3,0.7,1.6,8.2
256,John Konchar\konchjo01,SF,27,MEM,33,4,16.8,1.1,3.1,0.356,0.6,2.0,0.292,0.5,1.1,0.472,0.45,0.3,0.3,0.818,0.9,2.8,3.8,1.5,0.7,0.7,0.5,1.0,3.0
257,Furkan Korkmaz\korkmfu01,SG,26,PHI,26,0,6.6,0.7,1.7,0.386,0.2,0.8,0.286,0.4,0.9,0.478,0.455,0.3,0.4,0.7,0.0,0.5,0.5,0.5,0.4,0.0,0.3,0.4,1.8
258,Luke Kornet\kornelu01,C,28,BOS,30,2,14.8,2.1,3.0,0.703,0.0,0.0,,2.1,3.0,0.703,0.703,0.7,0.8,0.875,1.8,1.9,3.8,0.9,0.4,1.0,0.4,1.3,5.0
259,Jonathan Kuminga\kuminjo01,PF,21,GSW,39,15,23.1,5.1,9.9,0.513,0.8,2.6,0.307,4.3,7.3,0.586,0.553,2.7,3.7,0.712,1.2,3.1,4.3,1.5,0.6,0.3,1.4,2.2,13.6
260,Kyle Kuzma\kuzmaky01,PF,28,WAS,42,42,31.3,8.5,18.7,0.455,2.3,6.7,0.343,6.2,12.0,0.517,0.516,2.5,3.2,0.785,1.0,5.3,6.4,4.3,0.5,0.6,2.6,2.0,21.8
261,Jock Landale\landajo01,C,28,HOU,24,0,9.0,0.8,2.2,0.358,0.1,0.7,0.118,0.7,1.5,0.472,0.377,0.4,0.5,0.75,1.0,0.8,1.9,0.5,0.3,0.4,0.4,0.8,2.0
262,Jake LaRavia\laravja01,PF,22,MEM,11,0,11.1,1.5,3.9,0.372,0.5,2.2,0.208,1.0,1.7,0.579,0.43,0.3,0.4,0.75,0.6,0.8,1.5,0.5,0.1,0.1,0.4,1.7,3.6
263,Zach LaVine\lavinza01,SG,28,CHI,25,23,34.9,6.8,15.0,0.452,2.4,6.8,0.349,4.4,8.3,0.536,0.531,3.5,4.1,0.854,0.3,4.8,5.2,3.9,0.8,0.3,2.1,2.3,19.5
264,A.J. Lawson\lawsoaj01,SG,23,DAL,19,0,9.9,1.6,3.5,0.47,0.6,1.7,0.333,1.1,1.7,0.606,0.553,0.6,0.8,0.733,0.5,0.8,1.3,0.5,0.5,0.1,0.5,0.7,4.4
265,Saben Lee\leesa01,PG,24,PHO,10,0,6.9,0.8,1.9,0.421,0.0,0.4,0.0,0.8,1.5,0.533,0.421,1.3,1.7,0.765,0.5,0.5,1.0,1.1,0.3,0.3,0.4,0.6,2.9
266,Alex Len\lenal01,C,30,SAC,17,0,8.8,1.1,1.7,0.621,0.0,0.1,0.0,1.1,1.6,0.667,0.621,0.2,0.6,0.4,1.4,1.9,3.3,1.1,0.2,0.5,0.6,1.1,2.4
267,Kawhi Leonard\leonaka01,SF,32,LAC,37,37,34.6,8.8,17.0,0.518,2.3,5.2,0.445,6.5,11.8,0.549,0.585,3.8,4.4,0.877,1.0,5.0,6.0,3.6,1.6,0.8,1.6,1.6,23.7
268,Caris LeVert\leverca01,SG,29,CLE,31,1,28.8,5.7,13.6,0.423,2.0,5.7,0.347,3.8,7.9,0.478,0.495,2.5,3.4,0.743,0.5,3.1,3.5,4.1,1.0,0.4,1.5,1.6,16.0
269,Kira Lewis Jr.\lewiski01,PG,22,NOP,15,0,9.6,1.1,3.5,0.308,0.1,1.3,0.1,0.9,2.1,0.438,0.327,0.7,0.7,0.909,0.3,0.7,0.9,1.2,0.3,0.1,0.5,0.5,2.9
270,Maxwell Lewis\lewisma05,SF,21,LAL,14,0,4.3,0.1,0.6,0.111,0.1,0.2,0.333,0.0,0.4,0.0,0.167,0.0,0.0,,0.1,0.1,0.2,0.2,0.1,0.0,0.4,0.1,0.2
271,E.J. Liddell\liddeej01,PF,23,NOP,6,0,2.8,0.2,0.8,0.2,0.0,0.7,0.0,0.2,0.2,1.0,0.2,0.3,0.3,1.0,0.0,0.5,0.5,0.2,0.0,0.3,0.3,0.3,0.7
272,Damian Lillard\lillada01,PG,33,MIL,39,39,35.2,7.5,17.4,0.431,3.1,8.6,0.355,4.5,8.8,0.504,0.518,7.4,8.0,0.923,0.5,3.8,4.3,6.9,1.1,0.2,2.4,1.7,25.5
273,Nassir Little\littlna01,SF,23,PHO,25,2,14.7,1.8,3.7,0.484,0.6,2.0,0.314,1.2,1.7,0.69,0.57,0.7,0.8,0.85,0.6,1.8,2.4,0.6,0.4,0.3,0.5,1.2,4.9
274,Dereck Lively II\livelde01,C,19,DAL,31,30,25.4,4.0,5.5,0.735,0.0,0.1,0.0,4.0,5.4,0.744,0.735,0.8,1.4,0.568,2.9,4.9,7.8,1.3,0.6,1.4,1.2,3.0,8.9
275,Isaiah Livers\liveris01,PF,25,DET,23,6,20.4,1.7,5.0,0.345,1.0,3.3,0.286,0.8,1.7,0.462,0.44,0.5,0.8,0.667,0.7,1.4,2.1,1.1,0.6,0.2,0.7,1.9,5.0
276,Chris Livingston\livinch01,SF,20,MIL,12,0,4.8,0.6,1.0,0.583,0.1,0.1,1.0,0.5,0.9,0.545,0.625,0.2,0.2,1.0,0.2,0.8,1.0,0.3,0.2,0.0,0.3,0.4,1.4
277,Kenneth Lofton Jr.\loftoke01,PF,21,TOT,16,0,6.4,0.9,2.4,0.359,0.2,0.6,0.3,0.7,1.8,0.379,0.397,0.5,0.9,0.533,0.1,0.9,1.1,0.9,0.2,0.2,0.5,0.9,2.4
277,Kenneth Lofton Jr.\loftoke01,PF,21,MEM,15,0,6.6,0.9,2.5,0.378,0.2,0.7,0.3,0.7,1.8,0.407,0.419,0.5,1.0,0.533,0.1,0.9,1.0,0.9,0.2,0.2,0.4,1.0,2.6
277,Kenneth Lofton Jr.\loftoke01,PF,21,PHI,1,0,4.0,0.0,2.0,0.0,0.0,0.0,,0.0,2.0,0.0,0.0,0.0,0.0,,0.0,2.0,2.0,0.0,0.0,0.0,2.0,0.0,0.0
278,Kevon Looney\looneke01,C,27,GSW,40,34,20.5,2.4,3.8,0.618,0.0,0.0,,2.4,3.8,0.618,0.618,1.0,1.4,0.704,2.6,4.5,7.1,2.4,0.5,0.3,0.7,2.5,5.7
279,Brook Lopez\lopezbr01,C,35,MIL,42,42,31.5,4.9,10.0,0.487,1.6,5.0,0.33,3.2,5.0,0.642,0.569,1.5,1.8,0.805,1.4,3.9,5.3,1.6,0.6,2.9,0.9,2.7,12.9
280,Robin Lopez\lopezro01,C,35,MIL,11,0,2.9,0.3,0.6,0.429,0.2,0.5,0.4,0.1,0.2,0.5,0.571,0.2,0.2,1.0,0.1,0.2,0.3,0.3,0.0,0.1,0.1,0.3,0.9
281,Kevin Love\loveke01,PF,35,MIA,33,5,18.7,3.1,7.0,0.443,1.6,4.8,0.344,1.5,2.2,0.658,0.561,2.0,2.5,0.774,1.2,5.5,6.6,2.5,0.4,0.2,0.8,1.9,9.8
282,Kyle Lowry\lowryky01,PG,37,MIA,37,35,28.0,2.8,6.5,0.426,1.7,4.4,0.385,1.1,2.2,0.506,0.554,0.9,1.1,0.833,0.7,2.8,3.5,4.0,1.1,0.4,1.4,2.5,8.2
283,Seth Lundy\lundyse01,SF,23,ATL,8,0,6.1,0.5,2.0,0.25,0.4,1.6,0.231,0.1,0.4,0.333,0.344,0.4,0.5,0.75,0.1,0.5,0.6,0.0,0.0,0.0,0.1,0.8,1.8
284,Trey Lyles\lylestr01,PF,28,SAC,27,0,20.4,2.3,5.3,0.444,1.5,3.9,0.387,0.8,1.3,0.611,0.588,0.7,1.2,0.625,0.9,3.9,4.8,1.3,0.1,0.3,0.6,1.6,6.9
285,Théo Maledon\maledth01,PG,22,CHO,13,1,15.4,1.5,5.1,0.288,0.4,2.3,0.167,1.1,2.8,0.389,0.326,0.8,0.9,0.917,0.3,1.5,1.8,2.2,0.5,0.0,1.2,1.4,4.2
286,Sandro Mamukelashvili\mamuksa01,C,24,SAS,24,0,7.1,0.9,2.3,0.393,0.3,1.3,0.258,0.6,1.0,0.56,0.464,0.5,0.7,0.75,0.7,1.4,2.0,1.0,0.2,0.3,0.3,0.8,2.7
287,Terance Mann\mannte01,SG,27,LAC,35,31,25.1,2.8,6.3,0.439,0.9,3.1,0.296,1.9,3.2,0.575,0.511,0.8,1.1,0.763,1.2,2.1,3.2,1.8,0.6,0.3,0.6,1.8,7.3
288,Tre Mann\manntr01,PG,22,OKC,13,0,9.2,1.5,3.1,0.5,0.6,1.5,0.421,0.9,1.6,0.571,0.6,0.1,0.1,1.0,0.3,1.5,1.8,1.5,0.2,0.0,0.7,0.2,3.8
289,Boban Marjanović\marjabo01,C,35,HOU,6,0,6.2,1.2,3.0,0.389,0.0,0.3,0.0,1.2,2.7,0.438,0.389,0.0,0.3,0.0,0.8,1.7,2.5,0.7,0.0,0.2,0.0,0.7,2.3
290,Lauri Markkanen\markkla01,PF,26,UTA,34,34,32.7,8.0,16.1,0.496,3.1,8.0,0.393,4.8,8.1,0.599,0.594,4.9,5.6,0.874,2.4,6.4,8.9,1.9,0.9,0.6,1.1,1.9,24.0
291,Naji Marshall\marshna01,SF,26,NOP,34,1,18.5,2.7,5.9,0.455,0.9,2.4,0.383,1.8,3.6,0.504,0.532,1.5,1.9,0.825,1.1,2.6,3.6,1.9,0.6,0.2,1.1,1.5,7.9
292,Caleb Martin\martica02,SF,28,MIA,26,12,26.8,4.0,8.9,0.453,1.2,3.0,0.385,2.9,5.9,0.487,0.517,1.3,1.7,0.733,1.2,3.7,4.8,2.3,0.7,0.3,1.3,2.0,10.5
293,Cody Martin\martico01,SF,28,CHO,11,5,26.0,2.6,7.4,0.358,1.0,3.2,0.314,1.6,4.2,0.391,0.426,0.5,1.1,0.5,1.1,2.1,3.2,2.5,1.5,1.0,1.2,1.7,6.8
294,KJ Martin\martike04,SF,23,TOT,27,0,6.6,0.8,1.6,0.477,0.0,0.3,0.125,0.7,1.3,0.556,0.489,0.2,0.4,0.5,0.2,0.5,0.7,0.4,0.4,0.0,0.2,1.0,1.8
294,KJ Martin\martike04,SF,23,LAC,2,0,15.5,2.0,5.0,0.4,0.5,2.5,0.2,1.5,2.5,0.6,0.45,0.5,1.0,0.5,0.5,1.0,1.5,0.5,1.0,0.5,1.0,1.5,5.0
294,KJ Martin\martike04,SF,23,PHI,25,0,5.9,0.7,1.4,0.5,0.0,0.1,0.0,0.7,1.2,0.548,0.5,0.2,0.3,0.5,0.2,0.5,0.7,0.4,0.3,0.0,0.2,0.9,1.5
295,Garrison Mathews\mathega01,SG,27,ATL,28,3,12.4,1.2,2.5,0.478,1.1,2.3,0.477,0.1,0.1,0.5,0.703,0.0,0.2,0.2,0.3,1.0,1.3,0.5,0.3,0.1,0.4,1.4,3.5
296,Bennedict Mathurin\mathube01,SF,21,IND,43,14,25.5,5.0,11.0,0.457,1.3,3.6,0.359,3.7,7.4,0.503,0.515,2.9,3.5,0.829,1.0,2.7,3.7,1.9,0.6,0.2,1.6,2.0,14.3
297,Wesley Matthews\matthwe02,SG,37,ATL,19,1,11.2,0.5,2.1,0.256,0.3,1.6,0.2,0.2,0.5,0.444,0.333,0.7,1.0,0.737,0.2,1.2,1.4,0.6,0.5,0.2,0.3,1.4,2.1
298,Tyrese Maxey\maxeyty01,PG,23,PHI,40,40,37.6,8.9,19.9,0.448,3.2,8.3,0.378,5.8,11.5,0.499,0.528,5.0,5.8,0.858,0.6,3.1,3.7,6.7,1.1,0.6,1.6,2.1,26.0
299,Skylar Mays\mayssk01,PG-SG,26,TOT,24,5,15.9,2.5,6.2,0.399,0.7,2.1,0.314,1.8,4.0,0.443,0.453,0.5,0.7,0.765,0.4,1.2,1.6,3.3,0.7,0.1,0.8,1.0,6.1
299,Skylar Mays\mayssk01,PG,26,POR,21,5,17.0,2.5,6.6,0.384,0.7,2.3,0.286,1.9,4.2,0.438,0.435,0.6,0.8,0.765,0.4,1.3,1.8,3.6,0.7,0.1,0.9,1.0,6.3
299,Skylar Mays\mayssk01,SG,26,LAL,3,0,8.7,2.0,3.3,0.6,0.7,0.7,1.0,1.3,2.7,0.5,0.7,0.0,0.0,,0.3,0.3,0.7,1.3,0.7,0.0,0.0,1.0,4.7
300,Miles McBride\mcbrimi01,PG,23,NYK,30,2,9.4,1.6,3.5,0.448,0.9,2.2,0.431,0.6,1.3,0.475,0.581,0.3,0.3,0.8,0.1,0.6,0.7,0.9,0.4,0.1,0.3,1.0,4.3
301,CJ McCollum\mccolcj01,PG,32,NOP,29,29,32.0,7.0,14.9,0.467,3.4,7.9,0.434,3.6,7.1,0.502,0.581,2.1,2.6,0.789,0.6,3.7,4.3,5.1,1.2,0.8,1.5,2.1,19.4
302,T.J. McConnell\mccontj01,PG,31,IND,35,3,16.7,3.5,6.7,0.524,0.0,0.5,0.063,3.5,6.2,0.558,0.526,0.9,1.2,0.738,0.5,2.1,2.6,5.4,1.1,0.1,1.4,0.9,7.9
303,Jaden McDaniels\mcdanja02,SF,23,MIN,32,31,28.3,4.6,8.7,0.523,1.3,3.2,0.388,3.3,5.5,0.602,0.595,0.7,0.9,0.75,0.6,1.8,2.5,1.2,0.8,0.6,1.3,3.1,11.0
304,Jalen McDaniels\mcdanja01,SF,26,TOR,27,0,9.1,1.1,3.3,0.337,0.3,1.6,0.182,0.8,1.7,0.489,0.382,0.5,0.7,0.7,0.3,1.0,1.2,0.5,0.4,0.1,0.3,0.9,3.0
305,Doug McDermott\mcderdo01,SF,32,SAS,37,0,15.3,2.0,4.5,0.449,1.6,3.6,0.455,0.4,0.9,0.424,0.632,0.3,0.4,0.667,0.1,0.9,1.0,1.3,0.3,0.1,0.5,1.1,6.0
306,JaVale McGee\mcgeeja01,C,36,SAC,32,0,8.1,1.9,3.0,0.632,0.0,0.1,0.0,1.9,2.9,0.645,0.632,0.8,1.2,0.632,1.0,2.0,3.0,0.4,0.2,0.6,1.0,1.1,4.5
307,Bryce McGowens\mcgowbr01,SG,21,CHO,33,10,17.1,1.8,4.1,0.44,0.8,2.0,0.379,1.0,2.1,0.5,0.534,0.8,1.1,0.73,0.4,1.4,1.8,0.9,0.3,0.1,0.6,1.5,5.2
308,Jordan McLaughlin\mclaujo01,PG,27,MIN,21,0,8.5,0.9,2.3,0.396,0.5,1.3,0.37,0.4,1.0,0.429,0.5,0.1,0.3,0.5,0.3,0.7,1.0,1.7,0.8,0.2,0.3,0.4,2.4
309,De'Anthony Melton\meltode01,SG,25,PHI,33,33,29.1,3.9,9.9,0.393,2.1,5.8,0.363,1.8,4.1,0.437,0.5,1.9,2.3,0.827,0.8,3.2,4.0,3.2,1.6,0.5,1.2,2.4,11.8
310,Nathan Mensah\mensana01,C,25,CHO,16,0,14.4,0.6,1.4,0.409,0.0,0.0,,0.6,1.4,0.409,0.409,0.6,0.8,0.75,1.4,1.9,3.3,0.4,0.3,0.6,0.8,3.0,1.7
311,Sam Merrill\merrisa01,SG,27,CLE,25,0,15.6,2.7,6.6,0.412,2.3,5.6,0.414,0.4,1.0,0.4,0.588,0.3,0.4,0.889,0.5,1.7,2.2,1.7,0.3,0.0,0.3,1.2,8.1
312,Chimezie Metu\metuch01,C,26,PHO,32,5,13.0,2.0,3.9,0.508,0.5,1.6,0.294,1.5,2.3,0.658,0.569,1.2,1.3,0.884,0.7,2.4,3.1,0.5,0.6,0.3,0.8,1.2,5.6
313,Vasilije Micić\micicva01,PG,30,OKC,22,0,12.0,1.3,3.2,0.414,0.4,1.6,0.257,0.9,1.6,0.571,0.479,0.4,0.5,0.818,0.0,0.7,0.7,2.6,0.4,0.1,0.6,1.0,3.5
314,Khris Middleton\middlkh01,SF,32,MIL,36,36,25.6,5.5,11.4,0.482,1.7,4.5,0.377,3.8,6.9,0.55,0.556,1.7,2.1,0.813,0.6,3.7,4.3,5.0,0.8,0.3,2.1,2.3,14.4
315,Brandon Miller\millebr02,SF,21,CHO,34,28,30.5,5.4,12.7,0.423,2.1,5.5,0.374,3.3,7.2,0.459,0.503,1.7,2.1,0.814,0.9,3.1,4.0,2.2,0.7,0.5,1.6,2.5,14.5
316,Jordan Miller\millejo02,SF,24,LAC,4,0,4.0,0.8,1.3,0.6,0.3,0.3,1.0,0.5,1.0,0.5,0.7,0.0,0.0,,0.5,0.3,0.8,0.0,0.0,0.0,0.3,0.5,1.8
317,Leonard Miller\millele01,SF,20,MIN,5,0,3.8,1.2,1.8,0.667,0.2,0.6,0.333,1.0,1.2,0.833,0.722,0.0,0.0,,0.0,1.8,1.8,0.2,0.2,0.2,0.2,0.6,2.6
318,Dariq Whitehead\whiteda01,SF,19,BRK,2,0,12.0,0.5,2.5,0.2,0.0,1.5,0.0,0.5,1.0,0.5,0.2,0.5,1.0,0.5,0.0,2.0,2.0,1.5,0.0,0.5,0.0,0.0,1.5
319,Patty Mills\millspa02,PG,35,ATL,11,0,10.5,1.1,2.4,0.462,0.9,1.7,0.526,0.2,0.6,0.286,0.654,0.0,0.0,,0.2,0.8,1.0,0.6,0.4,0.1,0.4,1.5,3.1
320,Shake Milton\miltosh01,SG,27,MIN,33,0,13.1,1.7,4.2,0.403,0.4,1.5,0.265,1.3,2.7,0.478,0.45,1.1,1.3,0.818,0.2,1.2,1.3,1.3,0.4,0.1,0.8,1.2,4.9
321,Justin Minaya\minayju01,SF,24,POR,11,0,8.5,0.5,1.5,0.353,0.3,0.9,0.3,0.3,0.6,0.429,0.441,0.3,0.5,0.5,0.5,0.5,1.0,0.4,0.3,0.4,0.2,0.7,1.6
322,Josh Minott\minotjo01,SF,21,MIN,15,0,3.1,0.5,1.2,0.444,0.0,0.3,0.0,0.5,0.9,0.615,0.444,0.7,0.8,0.833,0.1,0.1,0.2,0.2,0.1,0.2,0.1,0.4,1.7
323,Davion Mitchell\mitchda01,PG,25,SAC,31,3,12.1,1.3,3.6,0.366,0.5,1.8,0.246,0.9,1.8,0.491,0.429,0.4,0.5,0.733,0.1,0.8,0.9,1.7,0.2,0.1,0.5,1.1,3.5
324,Donovan Mitchell\mitchdo01,SG,27,CLE,31,31,35.6,9.6,20.9,0.461,3.1,8.9,0.348,6.5,12.0,0.546,0.535,5.5,6.2,0.88,1.1,4.4,5.5,5.9,1.9,0.5,2.7,2.1,27.8
325,Evan Mobley\mobleev01,PF,22,CLE,21,21,33.6,6.8,11.8,0.573,0.1,0.5,0.2,6.7,11.3,0.588,0.577,2.4,3.1,0.769,2.7,7.8,10.5,2.9,0.8,1.7,2.3,2.9,16.0
326,Isaiah Mobley\mobleis01,PF,24,CLE,3,0,4.7,0.7,1.3,0.5,0.3,0.7,0.5,0.3,0.7,0.5,0.625,0.0,0.0,,0.0,0.7,0.7,1.3,0.3,0.0,0.3,0.7,1.7
327,Malik Monk\monkma01,SG,25,SAC,40,0,26.1,5.1,11.8,0.433,2.6,6.5,0.392,2.6,5.3,0.484,0.541,2.3,2.8,0.814,0.4,2.3,2.7,5.5,0.6,0.7,2.1,1.9,15.1
328,Moses Moody\moodymo01,SG,21,GSW,34,4,18.0,3.1,6.5,0.482,1.1,3.1,0.358,2.0,3.4,0.595,0.568,1.3,1.7,0.789,1.1,2.0,3.1,0.8,0.7,0.3,0.7,1.4,8.7
329,Xavier Moon\moonxa01,SG,29,LAC,2,0,6.0,0.5,1.0,0.5,0.0,0.5,0.0,0.5,0.5,1.0,0.5,0.0,0.0,,0.0,1.0,1.0,1.5,0.0,0.0,0.5,0.5,1.0
330,Taze Moore\mooreta02,SG,25,POR,1,0,4.0,1.0,2.0,0.5,0.0,1.0,0.0,1.0,1.0,1.0,0.5,0.0,0.0,,0.0,0.0,0.0,0.0,1.0,0.0,0.0,1.0,2.0
331,Wendell Moore Jr.\moorewe01,SG,22,MIN,10,0,3.0,0.3,0.5,0.6,0.0,0.2,0.0,0.3,0.3,1.0,0.6,0.0,0.0,,0.0,0.3,0.3,0.1,0.3,0.1,0.2,0.3,0.6
332,Ja Morant\moranja01,PG,24,MEM,9,9,35.3,8.9,18.9,0.471,1.6,5.7,0.275,7.3,13.2,0.555,0.512,5.8,7.1,0.813,0.7,4.9,5.6,8.1,0.8,0.6,3.0,2.1,25.1
333,Marcus Morris\morrima03,PF,34,PHI,33,5,16.3,2.2,5.1,0.443,1.0,2.3,0.416,1.3,2.7,0.467,0.539,0.8,1.0,0.844,0.5,2.3,2.9,0.7,0.3,0.3,0.4,1.7,6.3
334,Markieff Morris\morrima02,PF,34,DAL,16,1,9.4,0.9,2.9,0.319,0.6,1.8,0.321,0.4,1.2,0.316,0.415,0.2,0.3,0.75,0.3,1.5,1.8,0.7,0.3,0.1,0.6,0.7,2.6
335,Trey Murphy III\murphtr02,SF,23,NOP,19,2,25.6,4.3,9.8,0.433,2.6,6.8,0.385,1.6,3.0,0.544,0.567,2.0,2.5,0.809,0.4,3.2,3.6,2.0,0.8,0.4,0.6,1.2,13.2
336,Dejounte Murray\murrade01,SG,27,ATL,42,42,34.7,8.2,17.4,0.471,2.3,6.0,0.382,5.9,11.3,0.518,0.537,2.4,2.9,0.829,0.7,4.2,4.9,5.0,1.4,0.3,2.2,1.7,21.1
337,Jamal Murray\murraja01,PG,26,DEN,30,30,31.1,7.9,16.5,0.479,2.3,5.7,0.409,5.6,10.8,0.515,0.549,2.8,3.2,0.875,0.6,3.3,3.8,6.5,0.8,0.7,1.9,2.1,20.9
338,Keegan Murray\murrake02,SF,23,SAC,37,37,32.8,6.2,13.1,0.469,2.4,6.5,0.372,3.7,6.6,0.566,0.562,1.4,1.8,0.8,1.4,4.2,5.5,1.6,1.2,0.5,0.9,2.6,16.2
339,Kris Murray\murrakr01,SF,23,POR,26,0,12.3,1.3,3.4,0.398,0.6,1.7,0.333,0.8,1.7,0.465,0.483,0.3,0.4,0.727,0.7,1.2,1.8,0.6,0.8,0.2,0.5,0.7,3.6
340,Mike Muscala\muscami01,C,32,TOT,26,2,14.1,1.4,3.8,0.378,0.7,2.2,0.31,0.7,1.5,0.475,0.469,0.6,0.8,0.727,0.9,2.2,3.0,1.0,0.2,0.3,0.7,1.3,4.2
340,Mike Muscala\muscami01,C,32,WAS,24,2,14.1,1.4,3.8,0.367,0.6,2.1,0.275,0.8,1.6,0.487,0.444,0.6,0.8,0.75,0.9,2.2,3.1,0.9,0.2,0.3,0.7,1.3,4.0
340,Mike Muscala\muscami01,C,32,DET,2,0,14.0,2.0,4.0,0.5,2.0,3.5,0.571,0.0,0.5,0.0,0.75,0.5,1.0,0.5,0.5,1.5,2.0,1.5,0.5,1.0,0.5,1.0,6.5
341,Svi Mykhailiuk\mykhasv01,SF,26,BOS,19,0,7.9,0.8,2.7,0.294,0.5,2.1,0.25,0.3,0.6,0.455,0.392,0.2,0.3,0.5,0.3,0.6,0.9,0.3,0.3,0.0,0.3,0.6,2.3
342,Larry Nance Jr.\nancela02,C,31,NOP,26,0,17.6,2.2,3.8,0.576,0.5,1.2,0.467,1.7,2.7,0.623,0.646,0.8,1.0,0.778,1.4,3.7,5.1,1.2,1.0,0.4,0.8,1.2,5.7
343,Pete Nance\nancepe01,PF,23,CLE,1,0,3.0,0.0,2.0,0.0,0.0,0.0,,0.0,2.0,0.0,0.0,0.0,0.0,,0.0,0.0,0.0,0.0,0.0,0.0,0.0,0.0,0.0
344,Andrew Nembhard\nembhan01,PG,24,IND,29,11,20.6,3.4,7.1,0.476,0.7,2.0,0.328,2.7,5.1,0.534,0.522,0.6,0.8,0.75,0.6,1.1,1.7,4.2,0.9,0.0,1.9,2.1,8.0
345,Aaron Nesmith\nesmiaa01,SF,24,IND,38,13,25.5,4.2,8.2,0.51,2.1,4.5,0.465,2.1,3.7,0.564,0.638,1.1,1.6,0.694,0.8,2.4,3.3,1.1,1.1,0.7,0.9,3.3,11.6
346,Georges Niang\niangge01,PF,30,CLE,40,1,22.1,3.5,8.0,0.437,1.9,5.0,0.37,1.6,3.0,0.551,0.553,0.5,0.6,0.833,0.4,3.4,3.8,1.2,0.3,0.2,0.8,2.4,9.3
347,Daishen Nix\nixda01,PG,21,MIN,6,0,3.5,0.5,1.3,0.375,0.3,0.8,0.4,0.2,0.5,0.333,0.5,0.0,0.3,0.0,0.0,0.2,0.2,0.0,0.2,0.0,0.0,0.0,1.3
348,Zeke Nnaji\nnajize01,PF,23,DEN,35,0,9.5,1.2,2.5,0.477,0.1,0.4,0.333,1.0,2.0,0.507,0.506,0.7,1.1,0.641,1.1,1.0,2.1,0.5,0.3,0.6,0.7,1.6,3.2
349,Jaylen Nowell\nowelja01,SG,24,MEM,9,1,17.3,2.4,6.1,0.4,0.4,2.6,0.174,2.0,3.6,0.563,0.436,0.3,0.3,1.0,0.3,1.2,1.6,1.8,0.3,0.0,0.6,1.4,5.7
350,Markquis Nowell\nowelma01,SG,24,TOR,1,0,4.0,0.0,1.0,0.0,0.0,0.0,,0.0,1.0,0.0,0.0,2.0,2.0,1.0,2.0,0.0,2.0,2.0,1.0,0.0,0.0,0.0,2.0
351,Frank Ntilikina\ntilila01,PG,25,CHO,1,0,4.0,0.0,1.0,0.0,0.0,1.0,0.0,0.0,0.0,,0.0,0.0,0.0,,0.0,1.0,1.0,1.0,0.0,0.0,1.0,0.0,0.0
352,Jusuf Nurkić\nurkiju01,C,29,PHO,40,40,27.8,4.5,9.2,0.493,0.5,1.9,0.273,4.0,7.3,0.552,0.522,2.4,3.4,0.713,2.7,8.0,10.7,3.6,0.9,1.1,2.0,3.4,12.0
353,Jordan Nwora\nworajo01,SF,25,TOT,19,0,9.8,2.0,4.4,0.458,0.6,1.9,0.324,1.4,2.4,0.565,0.53,0.5,0.6,0.818,0.4,1.3,1.7,0.9,0.3,0.1,0.6,1.0,5.1
353,Jordan Nwora\nworajo01,SF,25,IND,18,0,10.2,2.1,4.6,0.451,0.6,2.0,0.306,1.4,2.6,0.565,0.518,0.5,0.6,0.818,0.4,1.4,1.8,1.0,0.3,0.1,0.7,1.1,5.2
353,Jordan Nwora\nworajo01,SF,25,TOR,1,0,4.0,1.0,1.0,1.0,1.0,1.0,1.0,0.0,0.0,,1.5,0.0,0.0,,0.0,0.0,0.0,0.0,0.0,0.0,0.0,0.0,3.0
354,Royce O'Neale\onealro01,SF,30,BRK,41,6,24.8,2.5,6.6,0.373,1.9,5.3,0.352,0.6,1.3,0.462,0.515,0.3,0.5,0.65,0.8,3.8,4.6,3.0,0.7,0.6,1.0,2.4,7.1
355,Chuma Okeke\okekech01,SF,25,ORL,26,8,12.9,1.3,3.3,0.402,0.8,2.4,0.333,0.5,0.9,0.583,0.523,0.1,0.2,0.4,0.7,2.0,2.7,0.7,0.3,0.3,0.4,0.6,3.6
356,Josh Okogie\okogijo01,SG,25,PHO,36,11,18.5,1.6,3.9,0.397,0.4,1.8,0.242,1.1,2.1,0.533,0.454,1.6,2.2,0.744,1.3,1.5,2.8,1.3,0.9,0.5,0.6,1.5,5.2
357,Onyeka Okongwu\okongon01,C,23,ATL,41,3,24.7,3.6,6.2,0.585,0.3,1.1,0.298,3.3,5.0,0.65,0.613,1.8,2.2,0.809,2.5,4.2,6.7,1.4,0.4,1.0,0.8,2.9,9.3
358,Isaac Okoro\okorois01,SF,23,CLE,31,20,26.3,3.2,6.5,0.488,0.9,2.6,0.35,2.3,4.0,0.577,0.557,1.5,2.1,0.682,1.4,2.1,3.5,2.1,0.8,0.4,0.9,2.2,8.7
359,Kelly Olynyk\olynyke01,C,32,UTA,42,8,20.8,2.9,5.3,0.548,0.7,1.7,0.411,2.2,3.5,0.615,0.615,1.5,1.7,0.861,1.3,3.8,5.1,4.4,0.9,0.3,1.7,2.8,8.0
360,Eugene Omoruyi\omorueu01,SF,26,WAS,19,0,5.8,1.7,2.9,0.582,0.3,0.9,0.294,1.4,2.0,0.711,0.627,0.8,1.1,0.762,0.6,0.9,1.5,0.6,0.5,0.1,0.5,1.1,4.5
361,Cedi Osman\osmande01,SF,28,SAS,42,1,18.0,2.7,5.8,0.475,1.2,3.2,0.373,1.5,2.6,0.602,0.579,0.7,1.0,0.667,0.4,2.2,2.6,1.9,0.5,0.1,0.6,1.5,7.3
362,Kelly Oubre Jr.\oubreke01,SF,28,PHI,29,18,27.3,4.8,10.3,0.466,1.7,4.6,0.366,3.1,5.7,0.549,0.549,1.6,2.2,0.734,0.9,3.3,4.2,1.0,1.3,0.4,0.9,2.6,12.9
363,Chris Paul\paulch01,PG,38,GSW,32,11,27.6,3.3,7.7,0.424,1.3,3.7,0.361,1.9,3.9,0.484,0.512,1.1,1.3,0.833,0.3,3.5,3.8,7.2,1.1,0.1,1.2,1.8,8.9
364,Cameron Payne\payneca01,PG,29,MIL,39,2,15.3,2.3,4.8,0.473,1.1,2.8,0.396,1.1,1.9,0.587,0.591,0.9,1.0,0.895,0.1,1.1,1.2,2.4,0.4,0.1,0.7,1.6,6.5
365,Gary Payton II\paytoga02,SG,31,GSW,16,0,16.3,2.3,4.9,0.456,0.6,2.0,0.281,1.7,2.9,0.574,0.513,0.4,0.6,0.667,1.0,2.0,3.0,0.8,1.1,0.3,0.6,1.8,5.4
366,Drew Peterson\peterdr01,PF,24,BOS,1,0,3.0,1.0,1.0,1.0,1.0,1.0,1.0,0.0,0.0,,1.5,0.0,0.0,,0.0,0.0,0.0,1.0,0.0,0.0,0.0,1.0,3.0
367,Filip Petrušev\petrufi01,C,23,TOT,3,0,3.3,0.3,0.7,0.5,0.0,0.0,,0.3,0.7,0.5,0.5,0.3,0.7,0.5,0.0,0.3,0.3,0.0,0.0,0.0,0.0,0.3,1.0
367,Filip Petrušev\petrufi01,C,23,PHI,1,0,3.0,0.0,0.0,,0.0,0.0,,0.0,0.0,,,0.0,0.0,,0.0,1.0,1.0,0.0,0.0,0.0,0.0,0.0,0.0
367,Filip Petrušev\petrufi01,C,23,SAC,2,0,3.5,0.5,1.0,0.5,0.0,0.0,,0.5,1.0,0.5,0.5,0.5,1.0,0.5,0.0,0.0,0.0,0.0,0.0,0.0,0.0,0.5,1.5
368,Julian Phillips\phillju01,SF,20,CHI,22,0,4.5,0.4,1.1,0.333,0.0,0.5,0.083,0.3,0.5,0.583,0.354,0.0,0.2,0.25,0.1,0.4,0.5,0.3,0.0,0.1,0.1,0.5,0.8
369,Jalen Pickett\pickeja02,SG,24,DEN,15,0,6.0,0.7,1.7,0.44,0.5,1.2,0.389,0.3,0.5,0.571,0.58,0.1,0.1,1.0,0.1,0.7,0.7,0.7,0.2,0.0,0.4,0.5,2.1
370,Scotty Pippen Jr.\pippesc02,PG,23,MEM,1,0,5.0,1.0,2.0,0.5,0.0,0.0,,1.0,2.0,0.5,0.5,1.0,1.0,1.0,1.0,0.0,1.0,1.0,0.0,0.0,1.0,0.0,3.0
371,Mason Plumlee\plumlma01,C,33,LAC,11,2,15.7,2.2,3.1,0.706,0.0,0.0,,2.2,3.1,0.706,0.706,1.8,3.1,0.588,1.1,3.7,4.8,1.1,0.5,0.4,0.5,1.4,6.2
372,Brandin Podziemski\podzibr01,SG,20,GSW,34,10,24.4,3.6,7.9,0.457,1.3,3.4,0.391,2.3,4.5,0.506,0.541,0.6,1.1,0.611,1.5,4.0,5.5,3.3,0.9,0.1,1.2,1.9,9.2
373,Jakob Poeltl\poeltja01,C,28,TOR,36,36,26.5,4.7,6.9,0.685,0.0,0.0,,4.7,6.9,0.685,0.685,1.2,2.2,0.532,2.8,5.6,8.3,2.5,0.7,1.4,1.6,2.9,10.6
374,Aleksej Pokusevski\pokusal01,PF,22,OKC,7,0,6.1,0.3,1.6,0.182,0.1,1.1,0.125,0.1,0.4,0.333,0.227,0.1,0.3,0.5,0.3,0.9,1.1,0.7,0.0,0.1,0.4,0.7,0.9
375,Jordan Poole\poolejo01,SG,24,WAS,41,41,29.2,6.0,14.5,0.413,2.0,6.3,0.308,4.0,8.2,0.496,0.481,2.8,3.2,0.87,0.4,1.9,2.3,3.5,1.0,0.3,2.2,3.1,16.7
376,Craig Porter Jr.\portecr01,PG,23,CLE,27,5,16.3,2.9,5.8,0.503,0.3,0.8,0.333,2.7,5.0,0.529,0.525,1.0,1.6,0.667,0.5,2.2,2.7,3.2,0.6,0.4,1.2,1.0,7.1
377,Jontay Porter\portejo01,PF,24,TOR,10,4,16.6,1.9,5.3,0.358,0.8,2.9,0.276,1.1,2.4,0.458,0.434,0.8,0.8,1.0,1.2,2.3,3.5,2.4,0.8,1.0,0.8,2.0,5.4
378,Michael Porter Jr.\portemi01,SF,25,DEN,44,44,31.4,6.3,12.9,0.485,2.8,6.9,0.405,3.5,6.0,0.577,0.593,1.0,1.4,0.767,1.2,5.9,7.1,1.4,0.5,0.8,1.1,2.0,16.4
379,Otto Porter Jr.\porteot01,SF,30,TOR,15,1,11.6,0.9,2.2,0.424,0.5,1.5,0.348,0.4,0.7,0.6,0.545,0.2,0.2,1.0,0.4,1.5,1.9,0.5,0.3,0.3,0.1,1.3,2.6
380,Bobby Portis\portibo01,PF,28,MIL,42,0,23.3,5.1,10.0,0.507,1.1,2.9,0.375,4.0,7.2,0.56,0.56,1.2,1.6,0.773,1.6,5.1,6.7,1.0,0.7,0.5,0.9,2.5,12.5
381,Kristaps Porziņģis\porzikr01,C,28,BOS,32,32,30.0,6.5,12.3,0.525,1.8,5.1,0.35,4.7,7.2,0.649,0.598,4.8,5.8,0.837,1.7,5.2,6.8,2.0,0.7,1.9,1.6,2.9,19.5
382,Micah Potter\pottemi01,PF,25,UTA,2,0,3.5,0.0,0.5,0.0,0.0,0.5,0.0,0.0,0.0,,0.0,0.0,0.0,,0.0,2.0,2.0,0.0,0.0,0.0,0.0,0.0,0.0
383,Dwight Powell\poweldw01,C,32,DAL,39,8,16.0,1.6,2.2,0.709,0.0,0.1,0.5,1.5,2.2,0.714,0.715,1.4,1.9,0.753,1.8,2.1,3.9,1.7,0.6,0.4,0.5,2.2,4.6
384,Norman Powell\powelno01,SG,30,LAC,41,0,25.5,4.6,9.3,0.497,2.1,4.5,0.457,2.6,4.8,0.536,0.609,2.0,2.3,0.875,0.1,2.2,2.4,1.0,0.6,0.4,0.9,1.9,13.4
385,Joshua Primo\primojo01,SG,21,LAC,1,0,5.0,1.0,2.0,0.5,0.0,1.0,0.0,1.0,1.0,1.0,0.5,0.0,0.0,,0.0,0.0,0.0,0.0,0.0,1.0,3.0,0.0,2.0
386,Taurean Prince\princta02,PF,29,LAL,41,41,30.6,3.5,8.2,0.426,2.1,5.5,0.387,1.4,2.7,0.505,0.555,0.7,0.9,0.737,0.3,2.6,2.9,1.8,0.9,0.5,0.9,2.2,9.8
387,Payton Pritchard\pritcpa01,PG,26,BOS,43,0,21.1,2.8,6.7,0.423,1.7,4.5,0.38,1.1,2.2,0.511,0.551,0.6,0.7,0.774,1.0,2.2,3.2,3.0,0.4,0.1,0.6,1.3,7.9
388,Olivier-Maxence Prosper\prospol01,PF,21,DAL,23,0,9.3,1.0,2.7,0.349,0.3,1.3,0.258,0.6,1.4,0.438,0.413,0.8,1.2,0.704,0.7,1.6,2.3,0.8,0.1,0.1,0.2,0.7,3.1
389,Trevelin Queen\queentr01,SG,26,ORL,9,0,15.0,1.3,3.3,0.4,0.3,1.4,0.231,1.0,1.9,0.529,0.45,0.6,0.7,0.833,0.3,1.6,1.9,1.3,0.7,0.6,0.7,1.6,3.6
390,Neemias Queta\quetane01,C,24,BOS,16,0,12.9,1.9,3.4,0.556,0.0,0.0,,1.9,3.4,0.556,0.556,0.9,1.1,0.778,2.0,2.6,4.6,0.4,0.4,0.4,0.4,2.3,4.6
391,Immanuel Quickley\quickim01,SG-PG,24,TOT,41,11,26.0,5.3,11.8,0.445,2.3,5.6,0.412,3.0,6.3,0.475,0.542,2.8,3.3,0.866,0.2,2.9,3.1,3.3,0.6,0.1,1.1,1.6,15.7
391,Immanuel Quickley\quickim01,SG,24,NYK,30,0,24.0,5.1,11.2,0.454,2.1,5.4,0.395,2.9,5.8,0.509,0.549,2.7,3.1,0.872,0.2,2.4,2.6,2.5,0.5,0.1,1.0,1.5,15.0
391,Immanuel Quickley\quickim01,PG,24,TOR,11,11,31.4,5.8,13.6,0.427,2.7,6.0,0.455,3.1,7.6,0.405,0.527,3.1,3.6,0.85,0.4,4.2,4.5,5.7,0.6,0.2,1.2,2.1,17.5
392,Lester Quinones\quinole01,SG,23,GSW,8,0,6.8,1.0,2.6,0.381,0.6,1.5,0.417,0.4,1.1,0.333,0.5,0.1,0.3,0.5,0.4,0.8,1.1,0.6,0.1,0.1,0.5,0.8,2.8
393,Julius Randle\randlju01,PF,29,NYK,43,43,35.6,8.7,18.3,0.472,1.6,5.4,0.3,7.0,12.9,0.544,0.516,5.2,6.7,0.771,2.1,7.1,9.3,4.9,0.6,0.3,3.5,2.7,24.1
394,Duop Reath\reathdu01,C,27,POR,30,11,18.4,3.5,7.4,0.475,1.4,3.8,0.372,2.1,3.7,0.582,0.57,1.1,1.4,0.786,1.5,2.6,4.1,1.2,0.5,0.5,0.8,2.5,9.6
395,Austin Reaves\reaveau01,SG,25,LAL,44,19,30.1,5.2,10.7,0.49,1.5,4.4,0.349,3.7,6.2,0.591,0.563,3.0,3.4,0.873,0.8,3.4,4.2,5.1,0.9,0.1,2.1,1.8,15.0
396,Cam Reddish\reddica01,SF,24,LAL,34,26,23.5,2.4,5.9,0.4,0.9,2.7,0.33,1.5,3.2,0.459,0.475,1.0,1.2,0.833,0.6,1.9,2.5,1.4,1.2,0.2,0.9,1.6,6.6
397,Paul Reed\reedpa01,C,24,PHI,41,8,15.4,2.4,4.4,0.55,0.1,0.5,0.316,2.3,3.9,0.578,0.567,0.6,0.9,0.722,1.9,2.8,4.6,1.2,0.6,0.7,0.8,2.2,5.6
398,Naz Reid\reidna01,C,24,MIN,42,0,22.6,4.9,9.6,0.506,2.0,4.8,0.414,2.9,4.8,0.599,0.61,1.2,1.5,0.794,1.0,3.7,4.7,1.0,0.8,0.7,1.3,2.0,13.0
399,Jared Rhoden\rhodeja01,SG,24,DET,5,0,6.0,1.0,1.8,0.556,0.2,0.8,0.25,0.8,1.0,0.8,0.611,0.4,0.4,1.0,0.2,0.6,0.8,0.6,0.0,0.0,0.4,0.8,2.6
400,Nick Richards\richani01,C,26,CHO,32,19,24.3,3.4,5.1,0.675,0.0,0.0,,3.4,5.1,0.675,0.675,1.8,2.4,0.763,2.4,5.2,7.6,0.8,0.4,1.3,0.9,2.7,8.7
401,Josh Richardson\richajo01,SG,30,MIA,34,4,26.2,3.4,8.0,0.428,1.5,4.3,0.345,1.9,3.7,0.524,0.52,1.3,1.4,0.938,0.4,2.3,2.7,2.5,0.6,0.4,1.0,1.8,9.6
402,Duncan Robinson\robindu01,SF,29,MIA,41,17,28.6,4.8,10.4,0.458,2.9,7.0,0.411,1.9,3.4,0.553,0.595,1.4,1.6,0.875,0.3,2.3,2.6,3.0,0.6,0.2,1.4,2.2,13.7
403,Jerome Robinson\robinje01,SG,26,GSW,6,0,3.8,0.0,1.2,0.0,0.0,0.7,0.0,0.0,0.5,0.0,0.0,0.7,1.0,0.667,0.2,0.3,0.5,0.2,0.0,0.2,0.0,0.2,0.7
404,Mitchell Robinson\robinmi01,C,25,NYK,21,21,29.2,2.8,4.7,0.592,0.0,0.0,,2.8,4.7,0.592,0.592,0.7,1.8,0.368,5.3,5.0,10.3,0.7,1.5,1.3,1.0,1.9,6.2
405,Orlando Robinson\robinor01,C,23,MIA,18,7,12.3,1.7,3.3,0.525,0.4,0.7,0.583,1.3,2.6,0.511,0.585,0.6,0.9,0.688,1.0,2.3,3.3,1.5,0.3,0.4,0.7,1.6,4.4
406,Jeremiah Robinson-Earl\robinje02,PF,23,NOP,17,1,11.5,1.6,3.0,0.529,0.5,1.1,0.421,1.1,1.9,0.594,0.608,0.4,0.4,1.0,0.6,2.0,2.6,0.5,0.4,0.2,0.5,0.8,4.0
407,David Roddy\roddyda01,PF,22,MEM,39,9,22.4,3.1,7.4,0.413,1.0,3.2,0.312,2.1,4.2,0.491,0.481,0.9,1.3,0.714,0.9,2.8,3.7,1.4,0.5,0.2,0.9,1.4,8.0
408,Ryan Rollins\rolliry01,PG,21,WAS,10,0,6.6,1.3,2.5,0.52,0.2,0.3,0.667,1.1,2.2,0.5,0.56,1.3,1.7,0.765,0.2,0.9,1.1,1.1,0.8,0.3,0.7,0.7,4.1
409,Derrick Rose\rosede01,PG,35,MEM,17,7,17.9,3.3,7.5,0.438,0.6,1.9,0.333,2.6,5.6,0.474,0.48,1.1,1.2,0.905,0.4,1.4,1.8,3.4,0.4,0.1,1.3,1.1,8.4
410,Terry Rozier\roziete01,SG,29,CHO,29,29,35.5,8.5,18.5,0.46,2.9,7.8,0.367,5.7,10.7,0.527,0.537,3.7,4.4,0.85,0.6,3.4,4.0,6.7,1.1,0.4,2.1,1.8,23.6
411,Rayan Rupert\ruperra01,SG,19,POR,14,0,7.5,1.0,2.9,0.35,0.4,1.1,0.375,0.6,1.7,0.333,0.425,0.4,0.6,0.625,0.4,0.9,1.4,0.7,0.1,0.0,0.4,0.4,2.8
412,D'Angelo Russell\russeda01,PG,27,LAL,40,33,29.7,6.2,12.8,0.481,2.4,5.7,0.412,3.8,7.1,0.537,0.573,1.6,2.1,0.78,0.3,2.4,2.7,6.1,0.8,0.5,1.9,2.0,16.3
413,Matt Ryan\ryanma01,SF,26,NOP,13,1,22.9,2.9,6.4,0.458,2.5,5.2,0.471,0.5,1.2,0.4,0.651,1.0,1.1,0.929,0.4,1.9,2.3,1.1,0.4,0.1,1.2,1.8,9.3
414,Domantas Sabonis\sabondo01,C,27,SAC,41,41,35.2,8.1,13.2,0.614,0.5,1.1,0.413,7.6,12.1,0.632,0.631,3.5,5.2,0.668,3.3,9.3,12.6,8.0,0.8,0.6,3.3,3.2,20.1
415,Luka Šamanić\samanlu01,PF,24,UTA,19,0,6.4,1.1,2.9,0.382,0.3,1.1,0.25,0.8,1.8,0.457,0.427,0.6,0.7,0.846,0.4,1.6,2.0,0.2,0.1,0.1,0.5,0.7,3.1
416,Jermaine Samuels\samueje01,SF,25,HOU,6,0,6.3,0.8,1.2,0.714,0.0,0.3,0.0,0.8,0.8,1.0,0.714,0.3,0.3,1.0,0.2,1.2,1.3,0.3,0.2,0.2,0.0,0.5,2.0
417,Adama Sanogo\sanogad01,PF,21,CHI,3,0,3.7,1.0,1.0,1.0,0.0,0.0,,1.0,1.0,1.0,1.0,0.7,1.0,0.667,0.7,1.3,2.0,0.0,0.0,0.0,0.3,0.0,2.7
418,Gui Santos\santogu01,PF,21,GSW,5,0,6.4,0.8,2.0,0.4,0.2,1.2,0.167,0.6,0.8,0.75,0.45,1.2,1.2,1.0,0.8,1.4,2.2,0.4,0.0,0.0,0.4,0.6,3.0
419,Dario Šarić\saricda01,C,29,GSW,40,7,20.9,3.6,7.6,0.48,1.5,3.9,0.396,2.1,3.7,0.568,0.581,1.7,2.0,0.85,1.4,4.3,5.7,2.4,0.6,0.2,1.3,2.2,10.5
420,Olivier Sarr\sarrol01,C,24,OKC,9,0,7.6,0.7,1.2,0.545,0.2,0.6,0.4,0.4,0.7,0.667,0.636,0.7,0.9,0.75,0.7,2.2,2.9,0.2,0.0,0.6,0.2,1.6,2.2
421,Marcus Sasser\sassema01,PG,23,DET,38,0,15.2,2.6,5.5,0.464,1.0,2.5,0.415,1.5,3.0,0.504,0.557,0.6,0.7,0.889,0.2,1.4,1.6,2.6,0.6,0.2,0.8,1.3,6.8
422,Admiral Schofield\schofad01,PF,26,ORL,11,0,4.0,0.5,1.2,0.385,0.2,0.7,0.25,0.3,0.5,0.6,0.462,0.0,0.2,0.0,0.1,0.5,0.5,0.4,0.0,0.0,0.4,0.6,1.1
423,Dennis Schröder\schrode01,PG,30,TOR,43,31,31.2,5.0,11.1,0.453,1.6,4.4,0.36,3.5,6.7,0.514,0.524,2.3,2.7,0.853,0.4,2.2,2.7,6.4,0.8,0.1,1.5,2.1,14.0
424,Dereon Seabron\seabrde01,SG,23,NOP,5,0,10.4,0.8,2.6,0.308,0.2,0.4,0.5,0.6,2.2,0.273,0.346,1.0,1.2,0.833,0.2,1.2,1.4,0.8,0.4,0.2,0.0,0.8,2.8
425,Alperen Şengün\sengual01,C,21,HOU,42,42,32.6,8.7,16.1,0.538,0.6,2.0,0.282,8.1,14.1,0.575,0.556,4.0,5.6,0.718,2.7,6.5,9.2,5.0,1.2,0.8,2.6,3.3,22.0
426,Brice Sensabaugh\sensabr01,SF,20,UTA,4,0,3.0,0.5,1.5,0.333,0.3,0.5,0.5,0.3,1.0,0.25,0.417,0.0,0.0,,0.3,0.5,0.8,0.5,0.0,0.0,0.0,0.3,1.3
427,Collin Sexton\sextoco01,SG,25,UTA,44,21,24.2,5.9,12.2,0.486,1.5,3.9,0.376,4.4,8.2,0.539,0.547,4.1,4.7,0.888,0.9,1.7,2.6,4.0,0.7,0.2,1.8,2.1,17.4
428,Landry Shamet\shamela01,SG,26,WAS,26,0,15.5,3.0,6.3,0.473,1.4,3.5,0.391,1.6,2.8,0.575,0.582,0.8,1.1,0.724,0.2,1.0,1.2,1.4,0.6,0.3,0.7,1.8,8.2
429,Day'Ron Sharpe\sharpda01,C,22,BRK,37,1,16.0,3.0,5.2,0.575,0.0,0.2,0.143,3.0,5.0,0.591,0.578,1.5,2.4,0.614,2.8,4.2,7.0,1.4,0.5,0.9,1.0,2.3,7.5
430,Shaedon Sharpe\sharpsh01,SG,20,POR,32,25,33.1,5.5,13.6,0.406,1.9,5.6,0.333,3.6,7.9,0.457,0.475,3.1,3.7,0.824,1.3,3.7,5.0,2.9,0.9,0.4,2.3,2.8,15.9
431,Ben Sheppard\sheppbe01,SG,22,IND,21,0,9.1,1.0,2.8,0.362,0.5,1.8,0.297,0.5,1.0,0.476,0.457,0.4,0.6,0.75,0.3,0.8,1.0,0.8,0.5,0.0,0.0,1.1,3.0
432,Pascal Siakam\siakapa01,PF,29,TOT,41,41,34.6,8.3,15.9,0.522,1.2,3.7,0.318,7.1,12.2,0.584,0.559,4.2,5.6,0.749,1.4,4.9,6.2,4.9,0.8,0.2,2.1,2.4,22.0
432,Pascal Siakam\siakapa01,PF,29,TOR,39,39,34.7,8.3,16.0,0.522,1.2,3.7,0.317,7.2,12.3,0.584,0.559,4.3,5.7,0.758,1.4,4.9,6.3,4.9,0.8,0.3,2.1,2.2,22.2
432,Pascal Siakam\siakapa01,PF,29,IND,2,2,32.0,7.5,14.0,0.536,1.0,3.0,0.333,6.5,11.0,0.591,0.571,2.0,4.0,0.5,1.0,4.0,5.0,5.0,0.5,0.0,2.0,5.5,18.0
433,Ben Simmons\simmobe01,PG,27,BRK,6,6,31.8,3.2,6.0,0.528,0.0,0.0,,3.2,6.0,0.528,0.528,0.2,0.7,0.25,2.7,8.2,10.8,6.7,0.5,0.8,2.5,2.7,6.5
434,Anfernee Simons\simonan01,SG,24,POR,20,20,32.9,7.8,18.4,0.422,3.3,8.5,0.385,4.5,9.9,0.455,0.511,4.0,4.5,0.899,0.5,3.0,3.4,4.8,0.5,0.1,2.4,1.9,22.8
435,Jericho Sims\simsje01,C,25,NYK,19,5,6.3,0.5,0.8,0.667,0.0,0.0,,0.5,0.8,0.667,0.667,0.2,0.3,0.6,0.3,1.1,1.4,0.2,0.1,0.1,0.2,0.7,1.2
436,Dmytro Skapintsev\skapidm01,C,25,NYK,2,0,1.0,0.0,0.5,0.0,0.0,0.0,,0.0,0.5,0.0,0.0,0.0,0.0,,0.0,0.0,0.0,0.0,0.0,0.0,0.0,0.0,0.0
437,Jalen Slawson\slawsja01,SF,24,SAC,5,0,3.8,0.4,0.6,0.667,0.0,0.2,0.0,0.4,0.4,1.0,0.667,0.0,0.0,,0.0,0.8,0.8,0.4,0.0,0.2,0.4,0.6,0.8
438,Javonte Smart\smartja01,PG,24,PHI,1,0,1.0,0.0,0.0,,0.0,0.0,,0.0,0.0,,,0.0,0.0,,0.0,0.0,0.0,0.0,0.0,0.0,0.0,0.0,0.0
439,Marcus Smart\smartma01,PG,29,MEM,20,20,30.3,5.1,11.9,0.43,2.1,6.7,0.313,3.0,5.2,0.583,0.519,2.2,2.8,0.768,0.3,2.4,2.7,4.3,2.1,0.3,3.1,2.7,14.5
440,Dennis Smith Jr.\smithde03,PG,26,BRK,27,1,19.7,2.9,6.7,0.434,0.6,2.0,0.291,2.3,4.7,0.496,0.478,1.0,1.2,0.813,1.0,2.3,3.3,4.1,1.1,0.2,1.1,2.4,7.4
441,Dru Smith\smithdr01,SG,26,MIA,9,0,14.6,1.7,3.7,0.455,0.8,1.9,0.412,0.9,1.8,0.5,0.561,0.2,0.2,1.0,0.7,0.9,1.6,1.6,1.0,0.3,0.6,1.3,4.3
442,Ish Smith\smithis01,PG,35,CHO,33,2,16.7,1.7,3.7,0.455,0.1,0.2,0.333,1.6,3.5,0.461,0.463,0.1,0.1,0.75,0.3,1.4,1.7,3.1,0.3,0.1,1.2,0.9,3.5
443,Jabari Smith Jr.\smithja05,PF,20,HOU,40,40,31.7,5.0,10.6,0.474,1.7,4.5,0.382,3.3,6.2,0.541,0.554,1.9,2.4,0.809,2.0,6.8,8.7,1.5,0.6,0.8,1.2,2.9,13.7
444,Jalen Smith\smithja04,C,23,IND,30,12,17.8,3.9,6.2,0.631,1.1,2.3,0.5,2.8,4.0,0.706,0.722,1.4,1.9,0.719,1.5,4.0,5.5,1.1,0.2,0.5,0.9,2.3,10.4
445,Nick Smith Jr.\smithni01,SG,19,CHO,25,0,15.0,2.5,6.1,0.414,1.3,3.0,0.446,1.2,3.1,0.385,0.523,0.1,0.2,0.75,0.6,1.1,1.7,1.1,0.1,0.3,0.9,1.1,6.5
446,Terquavion Smith\smithte01,PG,21,PHI,2,0,1.0,1.0,1.0,1.0,1.0,1.0,1.0,0.0,0.0,,1.5,0.0,0.0,,0.0,0.0,0.0,0.0,0.0,0.0,0.0,0.0,3.0
447,Jeremy Sochan\sochaje01,PF,20,SAS,42,41,29.4,4.4,10.0,0.439,1.0,2.7,0.375,3.4,7.4,0.463,0.489,1.6,2.0,0.791,1.6,4.0,5.6,4.0,0.7,0.4,1.9,2.5,11.4
448,Jaden Springer\sprinja01,SG,21,PHI,24,0,9.9,1.1,3.2,0.351,0.2,1.0,0.2,0.9,2.2,0.423,0.383,0.5,0.8,0.722,0.8,0.6,1.4,0.9,0.5,0.4,0.8,1.4,3.0
449,Lamar Stevens\stevela01,PF,26,BOS,16,1,6.4,0.9,2.1,0.441,0.1,0.4,0.286,0.8,1.7,0.481,0.471,0.4,0.5,0.75,0.5,0.9,1.4,0.4,0.4,0.3,0.4,0.8,2.4
450,Isaiah Stewart\stewais01,PF,22,DET,31,31,30.6,4.0,8.6,0.466,1.5,3.8,0.385,2.6,4.9,0.53,0.55,1.3,1.7,0.736,1.8,5.1,6.9,1.8,0.3,0.7,1.6,2.5,10.8
451,Julian Strawther\strawju01,SF,21,DEN,33,0,13.9,2.2,5.6,0.384,1.1,3.5,0.322,1.0,2.1,0.486,0.484,0.5,0.7,0.696,0.1,1.4,1.5,1.1,0.5,0.2,0.5,1.4,5.9
452,Max Strus\strusma01,SF,27,CLE,40,40,33.2,4.6,11.6,0.4,2.6,7.7,0.336,2.1,3.9,0.526,0.511,1.1,1.3,0.811,0.8,4.2,4.9,3.8,0.9,0.6,1.7,2.7,12.9
453,Jalen Suggs\suggsja01,SG,22,ORL,39,39,26.7,4.6,10.2,0.456,2.0,5.2,0.389,2.6,5.0,0.526,0.555,1.7,2.3,0.773,0.7,2.6,3.4,2.4,1.3,0.7,1.9,2.9,13.1
454,Cole Swider\swideco01,SF,24,MIA,8,0,4.8,1.1,2.4,0.474,0.6,1.8,0.357,0.5,0.6,0.8,0.605,0.0,0.0,,0.1,0.1,0.3,0.4,0.1,0.1,0.4,0.1,2.9
455,Jae'Sean Tate\tateja01,SF,28,HOU,40,9,18.6,1.9,3.9,0.477,0.5,1.5,0.295,1.4,2.4,0.596,0.535,0.5,0.7,0.714,1.1,2.4,3.5,1.1,0.7,0.2,0.4,2.5,4.7
456,Jayson Tatum\tatumja01,PF,25,BOS,40,40,35.8,9.0,19.3,0.467,3.0,8.3,0.363,6.0,11.0,0.545,0.545,5.6,7.0,0.809,0.9,7.4,8.3,4.4,1.0,0.5,2.6,2.1,26.7
457,Terry Taylor\taylote01,PF,24,CHI,16,0,6.8,0.8,1.4,0.591,0.0,0.3,0.0,0.8,1.1,0.765,0.591,0.1,0.1,1.0,0.8,0.5,1.3,0.3,0.2,0.1,0.4,0.8,1.7
458,Garrett Temple\templga01,SG,37,TOR,11,0,4.1,0.5,1.2,0.462,0.2,0.5,0.4,0.4,0.7,0.5,0.538,0.4,0.4,1.0,0.3,0.5,0.7,0.5,0.2,0.0,0.2,0.3,1.6
459,Dalen Terry\terryda01,SG,21,CHI,28,1,10.1,0.8,2.0,0.368,0.3,1.2,0.206,0.5,0.8,0.609,0.43,0.5,0.7,0.75,0.4,1.4,1.7,1.2,0.2,0.3,0.6,1.2,2.3
460,Daniel Theis\theisda01,C,31,TOT,31,1,16.8,2.6,5.0,0.519,0.4,1.0,0.433,2.2,4.1,0.54,0.561,0.9,1.2,0.73,1.6,2.0,3.6,0.8,0.5,0.9,0.7,2.3,6.5
460,Daniel Theis\theisda01,C,31,IND,1,0,8.0,1.0,4.0,0.25,0.0,1.0,0.0,1.0,3.0,0.333,0.25,0.0,0.0,,0.0,0.0,0.0,0.0,0.0,0.0,0.0,1.0,2.0
460,Daniel Theis\theisda01,C,31,LAC,30,1,17.1,2.7,5.1,0.526,0.4,1.0,0.448,2.2,4.1,0.545,0.569,0.9,1.2,0.73,1.7,2.1,3.7,0.9,0.5,1.0,0.7,2.3,6.7
461,Cam Thomas\thomaca02,SG,22,BRK,33,20,28.6,7.5,17.3,0.437,1.9,5.5,0.352,5.6,11.8,0.477,0.493,3.5,4.4,0.807,0.2,2.3,2.5,2.4,0.5,0.3,1.6,1.9,20.6
462,Amen Thompson\thompam01,SF,21,HOU,23,1,16.4,2.4,5.3,0.455,0.2,1.3,0.133,2.2,4.0,0.56,0.471,1.3,1.9,0.682,1.0,3.1,4.1,2.0,1.0,0.3,1.2,1.9,6.3
463,Ausar Thompson\thompau01,SF,21,DET,42,24,23.9,3.5,7.6,0.465,0.3,1.7,0.155,3.3,5.9,0.555,0.483,1.2,1.9,0.654,2.2,4.7,6.9,2.0,0.9,1.0,1.4,3.0,8.5
464,Klay Thompson\thompkl01,SF,33,GSW,39,39,30.4,6.0,14.2,0.424,3.3,8.6,0.386,2.7,5.6,0.484,0.542,1.9,2.1,0.902,0.6,2.9,3.5,2.4,0.5,0.5,1.7,1.8,17.3
465,Tristan Thompson\thomptr01,PF,32,CLE,35,0,12.1,1.7,2.5,0.67,0.0,0.0,0.0,1.7,2.5,0.678,0.67,0.4,1.1,0.325,1.7,2.2,3.9,1.1,0.2,0.3,0.6,1.4,3.7
466,JT Thor\thorjt01,PF,21,CHO,34,1,14.7,1.3,3.6,0.355,0.5,1.6,0.296,0.8,2.1,0.4,0.419,0.1,0.2,0.429,1.1,1.7,2.8,0.4,0.2,0.4,0.2,1.1,3.1
467,Matisse Thybulle\thybuma01,SF,26,POR,40,14,22.6,1.9,4.6,0.412,1.3,3.6,0.366,0.6,0.9,0.595,0.558,0.3,0.4,0.813,0.4,1.5,1.9,1.1,1.6,0.9,0.5,1.2,5.4
468,Xavier Tillman Sr.\tillmxa01,C,25,MEM,29,12,20.7,2.7,6.4,0.412,0.4,1.7,0.224,2.3,4.8,0.478,0.441,0.4,1.1,0.394,1.7,3.1,4.8,1.7,1.2,1.0,0.9,1.6,6.1
469,Jacob Toppin\toppija01,SF,23,NYK,3,0,1.3,0.0,0.0,,0.0,0.0,,0.0,0.0,,,0.0,0.0,,0.0,0.0,0.0,0.3,0.0,0.3,0.0,0.0,0.0
470,Obi Toppin\toppiob01,PF,25,IND,43,28,23.4,4.4,7.6,0.583,1.3,3.3,0.408,3.1,4.3,0.717,0.672,1.1,1.4,0.77,1.0,2.9,3.9,1.6,0.5,0.5,0.7,2.1,11.3
471,Juan Toscano-Anderson\toscaju01,SF,30,SAC,11,0,4.8,0.3,1.1,0.25,0.1,0.4,0.25,0.2,0.7,0.25,0.292,0.0,0.0,,0.4,0.9,1.3,0.4,0.1,0.1,0.2,1.0,0.6
472,Karl-Anthony Towns\townska01,PF,28,MIN,41,41,32.9,7.7,15.0,0.511,2.0,4.7,0.43,5.6,10.3,0.547,0.578,4.2,4.7,0.896,1.5,7.4,8.9,3.0,0.8,0.5,2.8,3.4,21.6
473,Gary Trent Jr.\trentga02,SG,25,TOR,38,8,25.9,4.3,10.1,0.426,2.3,5.6,0.415,2.0,4.6,0.439,0.54,0.7,1.1,0.651,0.3,1.9,2.2,1.6,0.8,0.1,0.6,1.2,11.7
474,Oscar Tshiebwe\tshieos01,PF,24,IND,6,0,5.7,1.3,2.7,0.5,0.0,0.0,,1.3,2.7,0.5,0.5,0.8,1.0,0.833,1.0,1.0,2.0,0.3,0.3,0.0,0.0,0.2,3.5
475,P.J. Tucker\tuckepj01,PF,38,TOT,15,3,15.9,0.4,1.3,0.316,0.3,1.1,0.313,0.1,0.2,0.333,0.447,0.2,0.2,1.0,1.1,1.8,2.9,0.5,0.6,0.2,0.3,2.3,1.3
475,P.J. Tucker\tuckepj01,PF,38,PHI,3,3,22.0,0.7,1.7,0.4,0.7,1.7,0.4,0.0,0.0,,0.6,0.0,0.0,,0.3,4.3,4.7,0.0,1.0,0.7,0.7,3.0,2.0
475,P.J. Tucker\tuckepj01,PF,38,LAC,12,0,14.4,0.3,1.2,0.286,0.3,0.9,0.273,0.1,0.3,0.333,0.393,0.3,0.3,1.0,1.3,1.2,2.4,0.7,0.5,0.1,0.2,2.2,1.2
476,Myles Turner\turnemy01,C,27,IND,42,42,27.5,6.2,11.8,0.528,1.4,4.0,0.347,4.8,7.8,0.623,0.588,3.5,4.3,0.801,1.8,5.4,7.1,1.3,0.5,2.0,1.5,3.1,17.3
477,Hunter Tyson\tysonhu01,PF,23,DEN,8,0,2.5,0.1,0.5,0.25,0.0,0.4,0.0,0.1,0.1,1.0,0.25,0.0,0.0,,0.0,0.6,0.6,0.1,0.0,0.0,0.0,0.6,0.3
478,Stanley Umude\umudest01,SG,24,DET,15,0,10.3,1.3,2.9,0.455,0.9,1.8,0.519,0.4,1.1,0.353,0.614,1.4,1.5,0.913,0.2,1.7,1.9,0.5,0.3,0.3,0.7,1.6,5.0
479,Jonas Valančiūnas\valanjo01,C,31,NOP,43,43,26.5,5.4,9.5,0.567,0.7,1.8,0.368,4.7,7.7,0.613,0.601,2.4,3.0,0.814,2.6,7.0,9.6,2.3,0.5,1.2,1.4,3.1,13.9
480,Jarred Vanderbilt\vandeja01,PF,24,LAL,23,5,19.1,1.4,3.1,0.458,0.2,1.0,0.227,1.2,2.2,0.56,0.493,0.5,0.8,0.579,1.3,3.3,4.5,1.0,0.9,0.1,0.7,1.5,3.6
481,Fred VanVleet\vanvlfr01,PG,29,HOU,40,40,37.0,5.7,14.0,0.406,3.1,7.9,0.388,2.6,6.1,0.43,0.516,2.8,3.2,0.867,0.4,3.4,3.8,8.5,1.0,0.8,1.6,2.2,17.3
482,Devin Vassell\vassede01,SG,23,SAS,37,31,30.8,6.5,14.2,0.457,2.5,6.8,0.365,4.0,7.4,0.542,0.545,2.3,2.8,0.8,0.4,3.1,3.5,3.3,1.2,0.2,1.3,1.0,17.8
483,Sasha Vezenkov\vezenal01,PF,28,SAC,32,0,12.9,2.2,4.8,0.448,1.1,2.9,0.366,1.1,1.9,0.574,0.558,0.2,0.3,0.7,0.9,1.7,2.6,0.4,0.5,0.2,0.3,0.9,5.6
484,Gabe Vincent\vincega01,PG,27,LAL,5,0,25.4,2.4,6.4,0.375,0.4,3.4,0.118,2.0,3.0,0.667,0.406,0.2,0.4,0.5,0.4,0.6,1.0,3.0,1.2,0.0,0.4,2.4,5.4
485,Nikola Vučević\vucevni01,C,33,CHI,39,37,33.6,7.2,15.5,0.468,1.1,4.0,0.268,6.2,11.4,0.538,0.502,1.3,1.5,0.864,2.6,7.9,10.5,3.5,0.7,0.7,1.6,2.6,16.8
486,Dean Wade\wadede01,PF,27,CLE,33,26,22.0,1.9,4.5,0.416,1.5,3.8,0.386,0.4,0.7,0.591,0.581,0.5,0.6,0.789,0.9,3.6,4.5,0.9,0.9,0.2,0.5,2.1,5.7
487,Franz Wagner\wagnefr01,SF,22,ORL,35,35,33.2,7.7,16.4,0.467,1.4,4.8,0.292,6.3,11.6,0.539,0.51,4.1,4.8,0.856,1.1,4.7,5.7,3.9,1.1,0.3,1.8,2.3,20.8
488,Moritz Wagner\wagnemo01,C,26,ORL,41,1,19.0,4.3,7.2,0.593,0.5,1.7,0.3,3.8,5.5,0.683,0.628,2.1,2.7,0.793,1.6,3.0,4.6,1.3,0.5,0.3,1.2,2.2,11.2
489,Ish Wainright\wainris01,SF,29,POR,7,0,6.6,0.9,2.6,0.333,0.9,2.3,0.375,0.0,0.3,0.0,0.5,0.3,0.3,1.0,0.0,1.3,1.3,0.0,0.3,0.1,0.1,0.6,2.9
490,Jabari Walker\walkeja01,SF,21,POR,38,4,20.4,3.0,6.2,0.487,0.6,1.8,0.3,2.5,4.4,0.566,0.532,1.9,2.4,0.763,1.8,4.1,5.9,0.9,0.7,0.4,0.9,2.3,8.5
491,Jarace Walker\walkeja02,PF,20,IND,15,0,11.0,1.9,4.3,0.438,0.8,2.0,0.4,1.1,2.3,0.471,0.531,0.4,0.5,0.857,0.5,1.3,1.9,1.3,0.6,0.3,0.5,1.0,4.9
492,Lonnie Walker IV\walkelo01,SG,25,BRK,24,0,18.8,4.6,9.2,0.498,2.3,4.9,0.475,2.3,4.3,0.524,0.624,1.2,1.6,0.763,0.2,2.2,2.3,1.4,0.6,0.4,1.2,1.1,12.7
493,Cason Wallace\wallaca01,SG,20,OKC,42,7,21.3,2.6,5.1,0.507,1.1,2.6,0.414,1.5,2.4,0.608,0.615,0.5,0.5,0.826,0.6,1.6,2.2,1.4,0.7,0.5,0.5,1.7,6.7
494,Jordan Walsh\walshjo01,SF,19,BOS,1,0,3.0,0.0,1.0,0.0,0.0,1.0,0.0,0.0,0.0,,0.0,0.0,0.0,,0.0,4.0,4.0,0.0,0.0,0.0,0.0,0.0,0.0
495,P.J. Washington\washipj01,PF,25,CHO,34,15,28.4,4.7,11.1,0.425,1.7,5.5,0.317,3.0,5.7,0.528,0.503,1.5,1.9,0.758,1.3,3.9,5.2,2.1,0.9,0.7,1.5,2.7,12.7
496,TyTy Washington Jr.\washity02,PG,22,MIL,2,0,3.0,0.5,1.5,0.333,0.5,1.0,0.5,0.0,0.5,0.0,0.5,0.0,0.0,,0.0,0.5,0.5,0.0,0.5,0.0,1.0,0.0,1.5
497,Yuta Watanabe\watanyu01,SF,29,PHO,25,0,14.6,1.2,3.7,0.337,0.9,2.9,0.315,0.3,0.8,0.421,0.462,0.4,0.6,0.667,0.4,1.3,1.7,0.4,0.3,0.3,0.6,1.3,3.8
498,Lindy Waters III\waterli01,SG,26,OKC,15,0,7.5,1.1,2.5,0.421,1.0,2.4,0.417,0.1,0.1,0.5,0.618,0.0,0.0,,0.1,0.7,0.8,0.7,0.0,0.1,0.1,0.7,3.1
499,Trendon Watford\watfotr01,PF,23,BRK,31,0,12.2,2.3,4.4,0.533,0.3,0.9,0.357,2.0,3.5,0.579,0.57,0.8,0.9,0.828,0.9,1.9,2.9,1.6,0.5,0.2,0.8,1.6,5.7
500,Peyton Watson\watsope01,SF,21,DEN,42,2,17.4,2.5,5.4,0.471,0.7,2.0,0.341,1.9,3.4,0.549,0.535,1.0,1.4,0.702,0.5,2.1,2.6,1.0,0.5,0.9,0.5,1.6,6.7
501,Victor Wembanyama\wembavi01,C,20,SAS,36,36,28.5,7.4,16.1,0.462,1.5,5.0,0.296,5.9,11.1,0.536,0.508,3.6,4.6,0.799,2.1,8.0,10.1,2.9,1.1,3.2,3.3,2.3,19.9
502,Blake Wesley\weslebl01,SG,20,SAS,21,0,9.6,1.3,2.7,0.5,0.0,0.5,0.0,1.3,2.1,0.622,0.5,0.4,0.9,0.5,0.2,0.7,1.0,1.9,0.3,0.0,0.4,1.3,3.1
503,Russell Westbrook\westbru01,PG,35,LAC,41,10,23.3,4.5,9.7,0.465,0.7,2.3,0.284,3.8,7.3,0.522,0.499,1.5,2.4,0.649,1.6,4.3,5.9,4.8,1.1,0.4,2.2,1.9,11.2
504,Coby White\whiteco01,PG,23,CHI,44,44,35.5,6.6,14.6,0.455,2.8,7.0,0.397,3.8,7.5,0.509,0.551,2.5,3.1,0.816,0.5,4.0,4.5,4.9,0.7,0.3,2.1,2.4,18.6
505,Derrick White\whitede01,SG,29,BOS,39,39,32.2,5.5,11.7,0.472,2.7,6.6,0.411,2.8,5.1,0.55,0.587,2.4,2.7,0.904,0.7,3.4,4.1,4.9,1.1,1.2,1.7,2.2,16.2
506,Cam Whitmore\whitmca01,SF,19,HOU,19,1,15.6,3.5,7.2,0.482,1.3,3.2,0.393,2.2,4.0,0.553,0.569,1.1,1.8,0.6,0.5,2.6,3.2,0.3,0.7,0.3,0.7,1.3,9.3
507,Aaron Wiggins\wiggiaa01,SG,25,OKC,39,0,12.6,1.9,3.3,0.578,0.5,1.0,0.5,1.4,2.3,0.611,0.652,0.6,0.7,0.759,0.6,1.6,2.2,0.9,0.5,0.1,0.5,1.2,4.8
508,Andrew Wiggins\wiggian01,SF,28,GSW,36,25,26.3,4.6,10.9,0.422,0.9,3.2,0.296,3.6,7.7,0.475,0.465,1.8,2.6,0.685,1.8,2.4,4.2,1.5,0.3,0.4,1.4,2.3,11.9
509,Lindell Wigginton\wiggili01,PG,25,MIL,3,0,2.7,0.7,1.7,0.4,0.0,0.7,0.0,0.7,1.0,0.667,0.4,0.7,0.7,1.0,0.0,0.0,0.0,0.0,0.0,0.0,0.3,0.3,2.0
510,Brandon Williams\willibr03,PG,24,DAL,5,0,6.0,1.2,2.2,0.545,0.4,0.6,0.667,0.8,1.6,0.5,0.636,0.4,1.0,0.4,0.4,0.6,1.0,1.2,0.2,0.2,0.4,0.2,3.2
511,Grant Williams\willigr01,PF,25,DAL,38,27,26.8,2.8,6.8,0.413,1.7,4.6,0.369,1.1,2.2,0.506,0.539,0.8,1.2,0.705,1.0,2.5,3.5,1.7,0.5,0.6,1.0,2.9,8.2
512,Jalen Williams\willija06,PF,22,OKC,39,39,32.1,7.3,13.3,0.547,1.4,3.0,0.458,5.9,10.2,0.574,0.6,2.9,3.5,0.826,0.6,3.5,4.1,4.5,1.1,0.5,1.9,2.7,18.8
513,Jaylin Williams\willija07,C,21,OKC,34,0,11.5,1.2,3.1,0.385,0.7,2.0,0.348,0.5,1.0,0.457,0.5,0.4,0.4,0.933,0.4,2.6,3.0,1.3,0.4,0.3,0.4,1.5,3.5
514,Jeenathan Williams\willije02,SG,24,HOU,7,0,7.9,1.4,3.1,0.455,0.1,0.4,0.333,1.3,2.7,0.474,0.477,0.6,0.7,0.8,0.7,0.1,0.9,0.4,0.3,0.0,0.1,0.7,3.6
515,Kenrich Williams\willike04,PF,29,OKC,31,0,15.3,1.8,3.8,0.466,0.8,2.0,0.397,1.0,1.8,0.545,0.572,0.1,0.3,0.3,0.7,2.2,2.9,1.5,0.6,0.1,0.4,1.5,4.5
516,Mark Williams\willima07,C,22,CHO,19,19,26.7,5.2,7.9,0.649,0.0,0.0,,5.2,7.9,0.649,0.649,2.4,3.4,0.719,4.0,5.7,9.7,1.2,0.8,1.1,0.9,2.6,12.7
517,Patrick Williams\willipa01,PF,22,CHI,41,28,27.3,3.7,8.2,0.45,1.4,3.3,0.415,2.3,5.0,0.473,0.533,1.2,1.6,0.781,1.1,2.7,3.8,1.5,1.0,0.8,1.3,2.0,10.0
518,Robert Williams\williro04,C,26,POR,6,0,19.8,2.8,4.3,0.654,0.0,0.0,,2.8,4.3,0.654,0.654,1.2,1.5,0.778,1.8,4.5,6.3,0.8,1.2,1.2,1.2,2.8,6.8
519,Vince Williams Jr.\willivi01,SG,23,MEM,32,13,23.6,2.2,5.5,0.394,1.4,3.8,0.358,0.8,1.6,0.481,0.52,1.5,1.8,0.828,1.3,4.0,5.3,2.1,0.8,0.6,1.1,2.3,7.2
520,Ziaire Williams\willizi02,SF,22,MEM,40,9,18.9,2.8,7.0,0.391,1.1,3.6,0.317,1.6,3.5,0.468,0.472,1.2,1.4,0.821,0.7,2.7,3.4,1.3,0.6,0.2,1.2,1.7,7.8
521,Zion Williamson\willizi01,PF,23,NOP,35,35,30.4,8.7,14.8,0.588,0.1,0.3,0.4,8.6,14.5,0.591,0.592,4.5,6.8,0.655,1.8,3.9,5.7,4.6,1.0,0.4,2.5,2.6,22.0
522,Jalen Wilson\wilsoja03,PF,23,BRK,11,0,9.5,1.5,2.9,0.5,0.2,0.7,0.25,1.3,2.2,0.583,0.531,1.4,1.4,1.0,1.4,0.8,2.2,0.8,0.3,0.1,0.3,0.8,4.5
523,Dylan Windler\windldy01,SF,27,TOT,4,0,3.0,0.5,0.8,0.667,0.5,0.8,0.667,0.0,0.0,,1.0,0.0,0.0,,0.0,0.3,0.3,0.5,0.0,0.0,0.0,0.5,1.5
523,Dylan Windler\windldy01,SF,27,NYK,3,0,2.3,0.3,0.7,0.5,0.3,0.7,0.5,0.0,0.0,,0.75,0.0,0.0,,0.0,0.3,0.3,0.3,0.0,0.0,0.0,0.3,1.0
523,Dylan Windler\windldy01,SF,27,LAL,1,0,5.0,1.0,1.0,1.0,1.0,1.0,1.0,0.0,0.0,,1.5,0.0,0.0,,0.0,0.0,0.0,1.0,0.0,0.0,0.0,1.0,3.0
524,James Wiseman\wisemja01,C,22,DET,29,0,14.6,2.7,3.9,0.675,0.0,0.1,0.0,2.7,3.9,0.688,0.675,0.7,1.2,0.618,1.4,2.7,4.1,0.6,0.1,0.7,0.9,2.0,6.0
525,Christian Wood\woodch01,PF,28,LAL,38,1,18.8,2.6,5.5,0.471,0.8,2.5,0.326,1.8,3.0,0.591,0.545,1.3,1.9,0.699,0.9,4.7,5.6,1.1,0.3,0.8,1.2,1.5,7.4
526,Delon Wright\wrighde01,PG,31,WAS,21,0,17.0,1.7,4.4,0.376,0.5,1.4,0.367,1.1,3.0,0.381,0.435,1.0,1.3,0.815,0.5,1.8,2.2,3.1,1.4,0.3,0.5,0.9,4.9
527,Thaddeus Young\youngth01,PF,35,TOR,15,3,11.5,1.5,3.0,0.511,0.1,0.3,0.25,1.5,2.7,0.537,0.522,0.1,0.3,0.4,0.8,1.5,2.3,1.9,0.8,0.1,0.5,1.5,3.3
528,Trae Young\youngtr01,PG,25,ATL,39,39,36.3,8.3,19.7,0.422,3.3,9.0,0.364,5.0,10.6,0.472,0.506,7.0,8.2,0.858,0.5,2.5,3.0,10.8,1.4,0.2,4.3,2.0,26.9
529,Omer Yurtseven\yurtsom01,C,25,UTA,24,6,10.7,1.6,3.2,0.5,0.1,0.6,0.2,1.5,2.5,0.574,0.52,0.3,0.4,0.6,1.5,2.8,4.3,0.5,0.2,0.4,0.9,1.4,3.5
530,Cody Zeller\zelleco01,C,31,NOP,30,0,8.6,0.6,1.6,0.388,0.0,0.1,0.333,0.6,1.5,0.391,0.398,0.7,1.1,0.606,1.2,1.6,2.7,1.0,0.2,0.1,0.4,1.2,2.0
531,Ivica Zubac\zubaciv01,C,26,LAC,38,38,27.1,5.3,8.1,0.655,0.0,0.0,,5.3,8.1,0.655,0.655,1.8,2.8,0.648,3.3,6.5,9.7,1.3,0.2,1.4,1.1,2.9,12.4
